,Gene,Function,Entrez Gene ID,Supportability,Hsa MR for SQSTM1,Hsa2 MR for SQSTM1,Hsa3 MR for SQSTM1,Mcc MR for SQSTM1,Mmu MR for Sqstm1,Mmu2 MR for Sqstm1,Rno MR for Sqstm1,Gga MR for SQSTM1
0,SQSTM1,"sequestosome 1",8878,1,0.0,0.0 ,0.0 ,0.0 ,0.0 ,0.0 ,0.0 ,0.0 
1,PWWP2B,"PWWP domain containing 2B",170394,0,15.0,5852.4 ,647.0 ,,7382.7 ,3687.1 ,6714.0 ,811.8 
2,LOC388692,"uncharacterized LOC388692",388692,0,18.8,,17577.9 ,,,,,
3,SLC11A1,"solute carrier family 11 (proton-coupled divalent metal ion transporter), member 1",6556,2,20.5,4371.2 ,8611.4 ,1621.2 ,2100.3 ,4544.5 ,,8252.2 
4,KCNQ1DN,"KCNQ1 downstream neighbor (non-protein coding)",55539,0,21.6,15149.9 ,,,,,,
5,COL26A1,"collagen, type XXVI, alpha 1",136227,0,24.5,15789.3 ,16410.7 ,,17402.1 ,15464.6 ,,3600.8 
6,AGRN,"agrin",375790,1,27.2,2985.9 ,3368.1 ,6045.9 ,7377.5 ,4613.5 ,8481.4 ,3371.5 
7,100129701,"&nbsp;",100129701,0,28.4,,,,,,,
8,DUX1,"double homeobox 1",26584,0,29.9,,,,,,,
9,FTH1,"ferritin, heavy polypeptide 1",2495,3,33.0,8.4 ,2.5 ,15303.2 ,2.5 ,12.6 ,1837.6 ,83.6 
10,CHCHD5,"coiled-coil-helix-coiled-coil-helix domain containing 5",84269,0,33.4,4979.1 ,2553.0 ,5989.3 ,3924.4 ,6070.9 ,3456.2 ,3877.5 
11,PVRL1,"poliovirus receptor-related 1 (herpesvirus entry mediator C)",5818,0,36.2,12021.0 ,8078.5 ,3054.2 ,10261.1 ,1824.5 ,819.5 ,
12,BLOC1S3,"biogenesis of lysosomal organelles complex-1, subunit 3",388552,1,38.1,5586.7 ,10504.9 ,2806.5 ,3167.1 ,8610.3 ,,
13,IGFALS,"insulin-like growth factor binding protein, acid labile subunit",3483,1,41.9,10241.4 ,12750.3 ,3759.2 ,13153.8 ,11535.5 ,4454.9 ,3941.8 
14,PERM1,"PPARGC1 and ESRR induced regulator, muscle 1",84808,0,42.1,9769.1 ,3751.6 ,,,,,
15,ANKRD65,"ankyrin repeat domain 65",441869,0,43.2,,17316.5 ,,,,,
16,GDF2,"growth differentiation factor 2",2658,0,43.8,13719.8 ,,5474.9 ,16455.6 ,,,7562.7 
17,FTH1P5,"ferritin, heavy polypeptide 1 pseudogene 5",2509,3,44.7,12.1 ,,,,,,
18,PNMA3,"paraneoplastic Ma antigen 3",29944,1,44.9,13731.7 ,15915.4 ,,15072.4 ,9046.5 ,250.4 ,
19,LINC00938,"long intergenic non-protein coding RNA 938",400027,0,45.2,,11233.1 ,,,,,
20,HMX1,"H6 family homeobox 1",3166,1,45.3,8674.5 ,,3728.5 ,15827.6 ,,1013.1 ,
21,RAB29,"RAB29, member RAS oncogene family",8934,0,45.6,401.8 ,5827.6 ,1337.5 ,9126.5 ,4279.2 ,7418.3 ,3788.2 
22,NEIL1,"nei endonuclease VIII-like 1 (E. coli)",79661,0,50.3,11471.8 ,3985.3 ,3979.4 ,5755.4 ,2912.4 ,9584.0 ,10387.7 
23,TM6SF2,"transmembrane 6 superfamily member 2",53345,3,54.3,12418.5 ,11223.7 ,2738.7 ,8496.1 ,11884.9 ,4529.7 ,5840.0 
24,PHPT1,"phosphohistidine phosphatase 1",29085,0,56.3,1554.0 ,947.7 ,3695.4 ,3773.2 ,4232.8 ,6093.7 ,3352.1 
25,CARD10,"caspase recruitment domain family, member 10",29775,0,56.5,9863.0 ,3491.4 ,,8307.7 ,4880.9 ,,5974.0 
26,CPNE6,"copine VI (neuronal)",9362,1,58.8,13573.6 ,12587.9 ,,8700.9 ,4097.4 ,1066.1 ,
27,TCF3,"transcription factor 3",6929,1,59.7,16959.0 ,7030.4 ,,4601.1 ,11624.3 ,3322.0 ,4964.8 
28,PITX3,"paired-like homeodomain 3",5309,0,60.0,11546.0 ,,,14905.7 ,,340.1 ,6859.3 
29,LOC100128644,"LMNE6487",100128644,0,60.2,11022.0 ,,,,,,
30,HMCN2,"hemicentin 2",256158,0,60.3,12570.9 ,9105.3 ,,,2138.6 ,2398.0 ,
31,FAM171A2,"family with sequence similarity 171, member A2",284069,1,62.6,14844.4 ,8137.4 ,,11667.3 ,3314.7 ,,
32,SLC12A3,"solute carrier family 12 (sodium/chloride transporter), member 3",6559,0,64.5,10909.7 ,17701.6 ,7751.6 ,13102.3 ,9359.3 ,2188.1 ,3395.8 
33,LIN37,"lin-37 DREAM MuvB core complex component",55957,0,65.5,914.8 ,597.8 ,2459.1 ,1945.6 ,8146.0 ,4958.9 ,
34,SCUBE1,"signal peptide, CUB domain, EGF-like 1",80274,0,65.7,12996.0 ,9673.8 ,,15284.7 ,9442.8 ,80.0 ,5792.0 
35,ASIC4,"acid-sensing (proton-gated) ion channel family member 4",55515,1,66.2,13215.2 ,13775.1 ,5709.5 ,15422.1 ,6844.8 ,1283.2 ,3811.1 
36,ARHGAP33,"Rho GTPase activating protein 33",115703,1,68.0,16512.6 ,10811.0 ,5205.9 ,15414.0 ,15976.5 ,,
37,HTR6,"5-hydroxytryptamine (serotonin) receptor 6, G protein-coupled",3362,0,68.6,13372.6 ,16081.1 ,,11973.9 ,,254.3 ,6165.7 
38,CHST13,"carbohydrate (chondroitin 4) sulfotransferase 13",166012,0,69.1,6210.8 ,8103.8 ,6606.8 ,18402.2 ,,,
39,DOC2B,"double C2-like domains, beta",8447,1,69.3,8528.1 ,7273.9 ,6655.2 ,15310.0 ,3788.0 ,1350.3 ,
40,NCOR2,"nuclear receptor corepressor 2",9612,1,70.7,7545.5 ,1623.1 ,211.8 ,3869.4 ,912.7 ,520.5 ,5336.9 
41,COL1A1,"collagen, type I, alpha 1",1277,3,70.9,3109.4 ,2295.4 ,4064.3 ,3688.4 ,2079.6 ,7782.8 ,
42,AGFG2,"ArfGAP with FG repeats 2",3268,0,70.9,9438.7 ,3869.7 ,,9606.3 ,8382.6 ,,
43,GRIN1,"glutamate receptor, ionotropic, N-methyl D-aspartate 1",2902,1,71.3,10054.3 ,9262.2 ,9188.4 ,12585.0 ,10086.7 ,957.4 ,10952.0 
44,HEYL,"hes-related family bHLH transcription factor with YRPW motif-like",26508,0,71.6,12778.6 ,8928.5 ,4496.4 ,9869.8 ,3202.8 ,822.3 ,
45,C9orf131,"chromosome 9 open reading frame 131",138724,1,72.5,7428.7 ,11211.8 ,,,,,
46,IL34,"interleukin 34",146433,0,72.9,6756.8 ,5814.4 ,6865.7 ,988.6 ,1695.6 ,8062.3 ,
47,CACNG2,"calcium channel, voltage-dependent, gamma subunit 2",10369,2,73.3,12427.1 ,15312.2 ,,15030.6 ,7159.7 ,1516.7 ,9131.7 
48,CRYBB1,"crystallin, beta B1",1414,1,73.8,13363.7 ,,4660.5 ,14171.0 ,4099.5 ,1568.8 ,5825.4 
49,RASL10B,"RAS-like, family 10, member B",91608,0,74.0,14770.0 ,10844.4 ,8615.2 ,12653.9 ,8057.4 ,1290.3 ,4737.8 
50,GGN,"gametogenetin",199720,1,75.1,11840.7 ,,5692.8 ,16304.0 ,14128.5 ,317.2 ,
51,NEU1,"sialidase 1 (lysosomal sialidase)",4758,3,75.9,,23.2 ,17.9 ,470.1 ,169.0 ,302.0 ,
52,GJA8,"gap junction protein, alpha 8, 50kDa",2703,0,77.2,12919.1 ,,3943.6 ,13765.4 ,14865.8 ,,4959.5 
53,SEZ6L2,"seizure related 6 homolog (mouse)-like 2",26470,1,77.4,6611.9 ,3372.0 ,9232.6 ,3275.5 ,5470.2 ,1302.4 ,
54,LARP1,"La ribonucleoprotein domain family, member 1",23367,3,80.5,4548.0 ,9068.7 ,3527.2 ,7134.9 ,8455.6 ,4968.9 ,2424.2 
55,KCNIP3,"Kv channel interacting protein 3, calsenilin",30818,0,82.9,15035.0 ,3632.8 ,9834.3 ,14664.2 ,5833.9 ,1244.3 ,
56,CTTN,"cortactin",2017,1,82.9,339.5 ,1878.4 ,1352.2 ,333.1 ,3252.4 ,280.5 ,792.4 
57,MYL10,"myosin, light chain 10, regulatory",93408,0,83.0,11996.0 ,19328.4 ,381.3 ,10980.8 ,16701.4 ,,8973.0 
58,C3orf36,"chromosome 3 open reading frame 36",80111,0,84.1,12792.5 ,,,,,,
59,RNF207,"ring finger protein 207",388591,0,85.3,5764.7 ,14627.6 ,,13592.4 ,7032.8 ,161.2 ,3429.0 
60,LOC692247,"uncharacterized LOC692247",692247,0,86.0,,,,,,,
61,C7orf50,"chromosome 7 open reading frame 50",84310,0,86.6,6828.8 ,2001.3 ,762.3 ,16266.6 ,16733.0 ,3498.1 ,9273.6 
62,PAX5,"paired box 5",5079,3,87.1,16056.7 ,18948.1 ,,15447.2 ,15166.2 ,,4082.3 
63,LRCH4,"leucine-rich repeats and calponin homology (CH) domain containing 4",4034,1,87.4,4770.8 ,2119.7 ,,6560.2 ,11810.0 ,1212.1 ,
64,CCDC63,"coiled-coil domain containing 63",160762,1,88.1,15798.1 ,,,,17659.5 ,,5828.2 
65,SOX15,"SRY (sex determining region Y)-box 15",6665,0,88.9,11646.9 ,13596.3 ,,10818.8 ,16916.8 ,,
66,ZFPM1,"zinc finger protein, FOG family member 1",161882,1,89.7,7788.0 ,3229.9 ,,,5261.1 ,203.8 ,4631.8 
67,AMN,"amnion associated transmembrane protein",81693,1,90.2,8137.0 ,10491.5 ,,10780.9 ,8905.7 ,1824.2 ,6689.2 
68,TBC1D29,"TBC1 domain family, member 29",26083,1,90.7,14282.0 ,12421.2 ,,,,,
69,FIBCD1,"fibrinogen C domain containing 1",84929,0,91.2,11764.3 ,1603.4 ,,13952.5 ,9078.7 ,2415.2 ,3693.8 
70,NDUFV1,"NADH dehydrogenase (ubiquinone) flavoprotein 1, 51kDa",4723,3,93.2,2815.2 ,1300.8 ,,1047.4 ,1452.1 ,2514.3 ,713.7 
71,ACY1,"aminoacylase 1",95,0,93.6,4643.1 ,3973.6 ,1633.6 ,8836.6 ,7989.4 ,7264.4 ,
72,C20orf141,"chromosome 20 open reading frame 141",128653,1,93.9,14230.5 ,,,15941.6 ,,,
73,L3MBTL1,"l(3)mbt-like 1 (Drosophila)",26013,0,95.1,13748.3 ,12308.7 ,,,13195.3 ,,3803.6 
74,TMEM92,"transmembrane protein 92",162461,2,95.8,13125.3 ,14912.3 ,8933.2 ,,,,
75,NSMF,"NMDA receptor synaptonuclear signaling and neuronal migration factor",26012,0,95.9,4687.4 ,1990.4 ,,4059.2 ,800.4 ,2699.3 ,4777.3 
76,CEBPA-AS1,"CEBPA antisense RNA 1 (head to head)",80054,1,96.4,13188.3 ,10974.1 ,,,,,
77,SRXN1,"sulfiredoxin 1",140809,3,98.0,3.9 ,8.9 ,240.5 ,7.5 ,11.2 ,125.1 ,
78,FUT7,"fucosyltransferase 7 (alpha (1,3) fucosyltransferase)",2529,0,98.5,11907.4 ,10394.8 ,3420.8 ,15787.2 ,7478.4 ,,1677.2 
79,MMP11,"matrix metallopeptidase 11 (stromelysin 3)",4320,1,98.5,9817.5 ,2708.8 ,5122.1 ,4211.5 ,5727.9 ,8021.6 ,
80,NEAT1,"nuclear paraspeckle assembly transcript 1 (non-protein coding)",283131,3,98.5,,868.6 ,,,,,
81,PDIA2,"protein disulfide isomerase family A, member 2",64714,0,99.0,12750.0 ,8235.0 ,4029.1 ,16935.7 ,14250.8 ,,
82,100134498,"&nbsp;",100134498,0,99.7,,,,,,,
83,ADCY1,"adenylate cyclase 1 (brain)",107,1,99.9,15938.0 ,18016.3 ,2899.2 ,14122.4 ,10026.7 ,,3140.2 
84,SPACA4,"sperm acrosome associated 4",171169,1,100.2,11339.7 ,,7919.2 ,14763.5 ,18850.0 ,,
85,APOBEC3G,"apolipoprotein B mRNA editing enzyme, catalytic polypeptide-like 3G",60489,0,100.4,3551.9 ,10058.1 ,,,,,
86,TMPRSS13,"transmembrane protease, serine 13",84000,0,100.5,8818.2 ,15484.9 ,6624.5 ,15926.6 ,7310.8 ,,
87,ZFP1,"ZFP1 zinc finger protein",162239,2,101.0,15903.5 ,10822.1 ,8472.3 ,8910.2 ,12185.5 ,,
88,SLC38A10,"solute carrier family 38, member 10",124565,0,101.0,2069.2 ,906.4 ,2576.7 ,1271.9 ,444.4 ,5703.1 ,1560.3 
89,TMBIM1,"transmembrane BAX inhibitor motif containing 1",64114,3,101.4,21.2 ,171.8 ,4.2 ,955.4 ,983.7 ,1150.3 ,54.5 
90,RIMS4,"regulating synaptic membrane exocytosis 4",140730,1,102.2,15526.1 ,8743.1 ,,12528.0 ,5731.5 ,,8314.2 
91,ARAP1,"ArfGAP with RhoGAP domain, ankyrin repeat and PH domain 1",116985,1,102.7,599.4 ,1126.4 ,261.1 ,1109.0 ,588.0 ,8396.0 ,
92,TNIP1,"TNFAIP3 interacting protein 1",10318,3,102.8,44.0 ,569.9 ,3.2 ,131.4 ,192.5 ,7286.6 ,
93,BOK,"BCL2-related ovarian killer",666,1,103.3,5608.2 ,3087.5 ,3967.1 ,7548.0 ,9695.5 ,1669.8 ,10684.9 
94,LIM2,"lens intrinsic membrane protein 2, 19kDa",3982,0,104.1,11939.3 ,,7674.1 ,18418.6 ,10002.4 ,95.6 ,
95,MCHR2-AS1,"MCHR2 antisense RNA 1",728012,0,104.2,,,,,,,
96,LINC01348,"long intergenic non-protein coding RNA 1348",731656,0,105.5,,,,,,,
97,FNDC8,"fibronectin type III domain containing 8",54752,2,105.9,15452.1 ,15516.2 ,10599.4 ,12553.8 ,17350.0 ,,
98,MFSD3,"major facilitator superfamily domain containing 3",113655,1,107.3,10898.4 ,3048.8 ,2167.6 ,14947.5 ,3287.7 ,5254.4 ,
99,CDH4,"cadherin 4, type 1, R-cadherin (retinal)",1002,0,107.8,14155.3 ,13702.4 ,8035.9 ,10202.0 ,16309.3 ,,6418.8 
100,LPIN3,"lipin 3",64900,0,108.8,5174.2 ,11043.3 ,407.5 ,2597.8 ,5695.4 ,2817.0 ,
101,C1orf86,"chromosome 1 open reading frame 86",199990,0,109.4,10190.1 ,6620.9 ,,5831.5 ,6421.0 ,5491.0 ,
102,MGAT4B,"mannosyl (alpha-1,3-)-glycoprotein beta-1,4-N-acetylglucosaminyltransferase, isozyme B",11282,3,109.9,1.7 ,13.2 ,85.6 ,313.4 ,26.8 ,572.5 ,295.3 
103,FCN2,"ficolin (collagen/fibrinogen domain containing lectin) 2",2220,0,110.1,10332.0 ,,4951.4 ,,,,
104,KCNQ4,"potassium voltage-gated channel, KQT-like subfamily, member 4",9132,0,110.2,12442.8 ,12556.4 ,,11046.8 ,3147.5 ,,4607.4 
105,SCUBE3,"signal peptide, CUB domain, EGF-like 3",222663,0,110.5,13135.8 ,16668.0 ,,7623.4 ,15323.5 ,,4629.0 
106,FTL,"ferritin, light polypeptide",2512,3,111.5,2.8 ,4.5 ,17.3 1278.1 ,,577.0 2007.5 ,233.1 ,
107,FOXN3-AS1,"FOXN3 antisense RNA 1",400236,0,111.5,,4343.6 ,,,,,
108,SEC1P,"secretory blood group 1, pseudogene",653677,1,112.3,11485.7 ,18952.4 ,,,,,
109,ASPDH,"aspartate dehydrogenase domain containing",554235,1,113.1,12485.7 ,12763.9 ,,12357.0 ,8686.6 ,3372.7 ,
110,EVX1,"even-skipped homeobox 1",2128,0,113.2,10195.4 ,,2931.0 ,16442.9 ,,,7695.6 
111,BEND4,"BEN domain containing 4",389206,0,113.7,18372.6 ,18010.4 ,14649.9 ,,14156.3 ,,12573.7 
112,TRIM50,"tripartite motif containing 50",135892,1,114.8,11883.2 ,,4042.4 ,,,,3580.2 
113,LOC283335,"uncharacterized LOC283335",283335,0,115.2,,14998.3 ,,,,,
114,FNIP1,"folliculin interacting protein 1",96459,3,116.8,483.7 ,6796.2 ,,1987.8 ,6241.5 ,,95.4 
115,KCNA6,"potassium voltage-gated channel, shaker-related subfamily, member 6",3742,1,117.0,13644.1 ,18849.1 ,,14163.2 ,4321.3 ,487.5 ,
116,CDRT15,"CMT1A duplicated region transcript 15",146822,1,117.2,14414.3 ,,,,,,
117,440456,"&nbsp;",440456,0,117.8,132.9 ,1500.4 ,,,,,
118,LZTS1,"leucine zipper, putative tumor suppressor 1",11178,1,118.1,10426.6 ,16007.6 ,5092.3 ,,10195.5 ,3875.2 ,7074.7 
119,CFB,"complement factor B",629,0,118.4,757.6 ,1493.0 ,830.6 ,3583.1 ,3679.2 ,5898.9 ,
120,LINC00475,"long intergenic non-protein coding RNA 475",158314,0,119.1,,,,,,,
121,SIGLEC8,"sialic acid binding Ig-like lectin 8",27181,0,119.8,10051.7 ,18396.9 ,,17511.5 ,8051.8 ,11635.0 ,
122,UBTF,"upstream binding transcription factor, RNA polymerase I",7343,0,120.8,15652.1 ,4385.8 ,,2302.8 ,7726.8 ,725.1 ,
123,RBFOX3,"RNA binding protein, fox-1 homolog (C. elegans) 3",146713,1,121.3,11656.9 ,10000.8 ,,,,,
124,PLEKHG5,"pleckstrin homology domain containing, family G (with RhoGef domain) member 5",57449,0,121.8,9909.5 ,6762.3 ,,11201.8 ,9290.3 ,5012.4 ,4012.1 
125,CELF3,"CUGBP, Elav-like family member 3",11189,1,122.0,15207.0 ,17608.5 ,4097.4 ,14623.6 ,13614.9 ,1387.0 ,4625.5 
126,NFATC1,"nuclear factor of activated T-cells, cytoplasmic, calcineurin-dependent 1",4772,1,123.0,5639.5 ,2074.9 ,5086.2 ,4229.1 ,3020.8 ,,2638.2 
127,SUV420H2,"suppressor of variegation 4-20 homolog 2 (Drosophila)",84787,0,123.2,7549.6 ,4912.0 ,3025.4 ,12518.1 ,10471.8 ,10356.6 ,
128,100129296,"&nbsp;",100129296,0,123.3,,,,,,,
129,ADARB1,"adenosine deaminase, RNA-specific, B1",104,0,123.6,8623.5 ,8531.5 ,1262.9 ,13347.2 ,5943.2 ,187.9 ,5720.8 
130,ELAVL3,"ELAV like neuron-specific RNA binding protein 3",1995,0,124.1,14415.6 ,16964.0 ,,11142.0 ,15819.9 ,860.5 ,
131,BRI3,"brain protein I3",25798,3,125.3,66.0 ,77.8 ,171.6 ,470.6 ,5822.6 ,161.5 ,
132,642031,"&nbsp;",642031,0,125.5,,,,,,,
133,ZBTB7B,"zinc finger and BTB domain containing 7B",51043,1,126.0,1477.2 ,257.2 ,2078.8 ,2962.8 ,502.3 ,4681.4 ,
134,100130955,"&nbsp;",100130955,0,126.7,,,,,,,
135,FAM57B,"family with sequence similarity 57, member B",83723,1,126.7,15505.6 ,16144.5 ,8102.1 ,8229.1 ,8727.3 ,1463.3 ,
136,ABHD1,"abhydrolase domain containing 1",84696,0,127.6,14074.2 ,,7658.4 ,,,4198.6 ,
137,ABHD4,"abhydrolase domain containing 4",63874,3,128.4,16.0 ,343.3 ,,206.2 ,3899.5 ,667.2 ,
138,MYOG,"myogenin (myogenic factor 4)",4656,1,128.8,13117.2 ,16692.9 ,,13440.9 ,5995.6 ,479.6 ,6060.1 
139,TFRC,"transferrin receptor",7037,0,128.9,3508.0 ,9827.1 ,7251.6 ,7578.3 ,17753.0 ,8890.2 ,7372.8 
140,TCF15,"transcription factor 15 (basic helix-loop-helix)",6939,1,129.6,8477.9 ,,7264.3 ,14485.6 ,12970.5 ,,7888.9 
141,GP1BB,"glycoprotein Ib (platelet), beta polypeptide",2812,0,129.7,7947.9 ,7009.1 ,,16462.3 ,6262.5 ,,
142,CCDC85A,"coiled-coil domain containing 85A",114800,0,131.0,13039.2 ,4967.4 ,7847.4 ,11585.4 ,5770.6 ,,
143,ITPK1,"inositol-tetrakisphosphate 1-kinase",3705,1,131.0,2293.4 ,1881.0 ,1456.5 ,7427.2 ,6945.7 ,3046.2 ,8654.3 
144,LOC401913,"ABO blood group (transferase A, alpha 1-3-N-acetylgalactosaminyltransferase; transferase B, alpha 1-3-galactosyltransferase) pseudogene",401913,0,131.2,,,,,,,
145,NINJ1,"ninjurin 1",4814,3,131.3,16.9 ,135.7 ,1179.3 ,704.0 ,2347.5 ,3259.1 ,2845.0 
146,CLCN1,"chloride channel, voltage-sensitive 1",1180,1,131.5,12567.2 ,,4026.9 ,15596.0 ,13264.2 ,251.9 ,5473.0 
147,AIFM2,"apoptosis-inducing factor, mitochondrion-associated, 2",84883,3,132.0,22.5 ,613.2 ,3605.9 ,1410.3 ,2294.9 ,333.3 ,4367.8 
148,B2M,"beta-2-microglobulin",567,3,132.1,591.0 ,2082.8 ,825.0 ,183.7 ,231.0 ,1704.3 ,405.2 
149,XCR1,"chemokine (C motif) receptor 1",2829,1,132.2,13819.9 ,,7584.6 ,15606.0 ,13842.0 ,,5376.4 
150,FAM84A,"family with sequence similarity 84, member A",151354,0,132.3,8592.2 ,10208.6 ,6286.4 ,12335.2 ,15794.8 ,10861.0 ,9544.2 
151,NPB,"neuropeptide B",256933,1,132.8,,5355.0 ,3823.8 ,15598.6 ,,,
152,MPL,"MPL proto-oncogene, thrombopoietin receptor",4352,1,132.9,10922.1 ,18936.5 ,,13595.3 ,16668.2 ,,6748.1 
153,LRRC74A,"leucine rich repeat containing 74A",145497,0,133.6,14397.3 ,,,14123.0 ,18546.4 ,,6498.0 
154,RAB37,"RAB37, member RAS oncogene family",326624,0,133.7,9626.1 ,16543.0 ,8546.2 ,6172.0 ,8566.1 ,,
155,SDC4,"syndecan 4",6385,3,133.8,32.9 ,1624.8 ,129.5 ,712.1 ,490.8 ,999.3 ,
156,HELZ2,"helicase with zinc finger 2, transcriptional coactivator",85441,3,133.8,2481.6 ,5512.6 ,,4439.8 ,509.5 ,6756.9 ,4252.8 
157,FMN2,"formin 2",56776,0,134.0,8518.3 ,4014.1 ,,16887.1 ,18026.9 ,,
158,H1FNT,"H1 histone family, member N, testis-specific",341567,2,134.0,13236.9 ,,8051.8 ,10075.0 ,18418.0 ,,
159,IL36A,"interleukin 36, alpha",27179,3,134.6,13949.6 ,,3283.3 ,15294.8 ,,,
160,NFE2L1,"nuclear factor, erythroid 2-like 1",4779,3,134.7,87.5 ,105.6 ,98.6 ,132.5 ,3.5 ,2312.4 ,2388.5 
161,RCE1,"Ras converting CAAX endopeptidase 1",9986,0,135.5,1673.2 ,2771.0 ,3226.2 ,1769.8 ,5146.6 ,6603.2 ,
162,SMARCD3,"SWI/SNF related, matrix associated, actin dependent regulator of chromatin, subfamily d, member 3",6604,0,136.7,6085.6 ,736.0 ,2541.3 ,4950.7 ,1985.8 ,6912.8 ,4986.5 
163,TAL1,"T-cell acute lymphocytic leukemia 1",6886,3,137.6,6564.4 ,16989.1 ,,17682.7 ,12543.8 ,391.7 ,6366.4 
164,EVA1B,"eva-1 homolog B (C. elegans)",55194,0,138.7,,774.7 ,3151.2 ,1961.1 ,646.2 ,7223.8 ,
165,AKNA,"AT-hook transcription factor",80709,2,139.1,10167.6 ,12117.1 ,10342.9 ,4196.1 ,11093.7 ,,
166,GATM,"glycine amidinotransferase (L-arginine:glycine amidinotransferase)",2628,0,139.9,9161.8 ,12516.9 ,14769.1 ,11234.1 ,7373.4 ,2710.6 ,6909.1 
167,SIK1,"salt-inducible kinase 1",150094,1,140.0,993.2 ,847.2 ,,,,,
168,ADM2,"adrenomedullin 2",79924,1,140.1,8895.0 ,11853.5 ,,14625.4 ,12314.9 ,,
169,KDM8,"lysine (K)-specific demethylase 8",79831,0,140.1,11886.0 ,4956.9 ,7517.5 ,13133.6 ,15428.5 ,3730.3 ,5940.4 
170,GTSE1,"G-2 and S-phase expressed 1",51512,3,140.9,19639.5 ,18643.3 ,4441.3 ,18355.7 ,18938.0 ,2575.2 ,9548.2 
171,KCNG1,"potassium voltage-gated channel, subfamily G, member 1",3755,1,141.3,8972.9 ,3487.3 ,,12151.6 ,16287.7 ,,11520.8 
172,CEMP1,"cementum protein 1",752014,1,141.9,13685.0 ,2666.1 ,,,,,
173,NUTM2B,"NUT family member 2B",729262,0,142.2,,16200.9 ,6077.2 ,,,,
174,FNDC5,"fibronectin type III domain containing 5",252995,0,142.2,12094.5 ,15522.2 ,3771.8 ,9312.8 ,7037.7 ,,12140.8 
175,GUSBP11,"glucuronidase, beta pseudogene 11",91316,0,142.4,7510.3 ,11662.9 ,,,,,
176,SP8,"Sp8 transcription factor",221833,0,142.9,15098.9 ,18091.8 ,5996.6 ,16744.5 ,16215.2 ,,
177,MGAT3,"mannosyl (beta-1,4-)-glycoprotein beta-1,4-N-acetylglucosaminyltransferase",4248,0,143.6,9323.8 ,16928.4 ,2702.1 ,8778.1 ,7992.8 ,1824.8 ,3554.2 
178,KLHL21,"kelch-like family member 21",9903,3,143.9,23.9 ,228.5 ,70.3 ,2936.0 ,1986.9 ,1236.4 ,2040.7 
179,MAPK8IP3,"mitogen-activated protein kinase 8 interacting protein 3",23162,1,144.2,5223.6 ,5008.4 ,3654.2 ,696.9 ,1860.0 ,4126.0 ,6763.8 
180,JUN,"jun proto-oncogene",3725,3,144.4,399.0 ,316.2 ,,288.8 ,296.8 ,1348.4 ,285.9 
181,TNRC18,"trinucleotide repeat containing 18",84629,1,145.2,6320.8 ,1000.8 ,,1870.7 ,3749.2 ,7390.1 ,4873.7 
182,RELB,"v-rel avian reticuloendotheliosis viral oncogene homolog B",5971,3,145.2,91.9 ,317.0 ,943.2 ,255.7 ,1600.5 ,,
183,ADAMTS7,"ADAM metallopeptidase with thrombospondin type 1 motif, 7",11173,1,145.4,11627.2 ,5627.8 ,6586.3 ,12690.2 ,12118.3 ,5215.5 ,5260.2 
184,GSK3A,"glycogen synthase kinase 3 alpha",2931,1,145.4,2463.1 ,1817.8 ,3147.2 ,8522.7 ,5317.1 ,1829.0 ,
185,PPIA,"peptidylprolyl isomerase A (cyclophilin A)",5478,3,145.5,5577.4 ,7004.9 ,,2163.3 ,10155.5 ,3907.0 ,
186,GRK1,"G protein-coupled receptor kinase 1",6011,1,146.0,10097.0 ,,,,13103.9 ,391.9 ,
187,CACNA1H,"calcium channel, voltage-dependent, T type, alpha 1H subunit",8912,1,146.7,14969.2 ,6433.1 ,,8018.6 ,16359.0 ,103.5 ,6521.3 
188,GJC2,"gap junction protein, gamma 2, 47kDa",57165,1,147.4,7713.4 ,5423.6 ,3384.0 ,11646.6 ,3864.0 ,511.2 ,
189,MDGA1,"MAM domain containing glycosylphosphatidylinositol anchor 1",266727,0,147.4,4704.4 ,2972.2 ,3563.1 ,12016.4 ,7108.6 ,182.7 ,10943.5 
190,GPR144,"G protein-coupled receptor 144",347088,0,147.9,12805.2 ,,,,,,
191,ANKRD9,"ankyrin repeat domain 9",122416,1,148.0,3908.8 ,1927.2 ,8042.0 ,5927.4 ,7322.6 ,1349.0 ,783.6 
192,MAP3K10,"mitogen-activated protein kinase kinase kinase 10",4294,1,148.6,6813.8 ,1251.3 ,5725.1 ,13860.1 ,3633.4 ,5992.3 ,
193,CASC15,"cancer susceptibility candidate 15 (non-protein coding)",401237,0,149.2,,15739.1 ,,,,,
194,PDE3B,"phosphodiesterase 3B, cGMP-inhibited",5140,3,149.4,18056.0 ,11904.2 ,13763.6 ,10619.3 ,13843.5 ,5601.4 ,6520.0 
195,ENTPD2,"ectonucleoside triphosphate diphosphohydrolase 2",954,1,150.1,13115.9 ,15869.2 ,2866.9 ,3417.4 ,2442.9 ,6082.0 ,8881.5 
196,PPP1R9B,"protein phosphatase 1, regulatory subunit 9B",84687,2,150.1,2800.7 ,683.0 ,,,995.6 ,2282.3 ,
197,PPIL6,"peptidylprolyl isomerase (cyclophilin)-like 6",285755,2,150.8,10553.2 ,16598.5 ,6024.9 ,11435.2 ,15846.6 ,,3152.2 
198,DLL3,"delta-like 3 (Drosophila)",10683,1,151.4,17457.8 ,11029.8 ,2804.5 ,18418.5 ,18760.0 ,461.1 ,
199,LOC100131347,"RAD52 motif containing 1 pseudogene",100131347,1,151.7,,18290.1 ,,,,,
200,NYX,"nyctalopin",60506,1,151.7,10217.2 ,,3082.1 ,13959.6 ,13330.2 ,,5088.8 
201,NMNAT3,"nicotinamide nucleotide adenylyltransferase 3",349565,0,151.9,13199.4 ,9229.5 ,,15154.3 ,6889.8 ,,4934.6 
202,ARHGAP23,"Rho GTPase activating protein 23",57636,0,153.1,5617.6 ,3756.1 ,6304.3 ,2366.2 ,436.5 ,937.1 ,
203,CDC14B,"cell division cycle 14B",8555,1,154.1,6691.1 ,14998.9 ,8124.0 ,10981.5 ,18144.7 ,1637.2 ,6076.6 
204,PPP1R14B,"protein phosphatase 1, regulatory (inhibitor) subunit 14B",26472,2,154.8,6020.1 ,3249.9 ,,8374.6 ,16450.0 ,3944.4 ,
205,LMNA,"lamin A/C",4000,1,155.2,31.5 ,18.2 ,797.8 ,185.0 ,108.5 ,1543.1 ,
206,KIAA0509,"uncharacterized LOC57242",57242,0,155.4,,,,,,,
207,C11orf86,"chromosome 11 open reading frame 86",254439,1,155.6,11250.2 ,,6783.8 ,10953.5 ,6946.2 ,,
208,AHNAK,"AHNAK nucleoprotein",79026,2,155.6,863.9 ,2234.3 ,5146.8 ,3706.7 ,1294.2 ,8323.1 ,
209,TTTY14,"testis-specific transcript, Y-linked 14 (non-protein coding)",83869,1,156.0,11228.7 ,,,,,,
210,284296,"&nbsp;",284296,0,156.8,,,,,,,
211,RUNX3,"runt-related transcription factor 3",864,0,157.3,5983.1 ,7730.1 ,,15981.9 ,14549.5 ,985.0 ,
212,COL11A2,"collagen, type XI, alpha 2",1302,0,157.5,,13090.8 ,4466.2 ,10407.1 ,4216.4 ,1339.9 ,
213,SSTR3,"somatostatin receptor 3",6753,0,157.9,13774.4 ,14626.3 ,3374.3 ,8643.5 ,5946.1 ,538.4 ,6094.2 
214,ARVCF,"armadillo repeat gene deleted in velocardiofacial syndrome",421,1,159.3,5484.9 ,12039.9 ,2498.8 ,11575.9 ,5201.0 ,7127.3 ,10720.4 
215,GGTLC2,"gamma-glutamyltransferase light chain 2",91227,0,159.3,10842.5 ,,,,,,
216,LOC100131532,"uncharacterized LOC100131532",100131532,0,159.5,,,,,,,
217,ITPRIPL2,"inositol 1,4,5-trisphosphate receptor interacting protein-like 2",162073,1,159.6,468.8 ,3173.4 ,1725.3 ,2621.3 ,677.5 ,,4566.5 
218,TP53TG5,"TP53 target 5",27296,1,159.9,11865.9 ,,9030.9 ,13681.0 ,,,
219,DKFZP434H168,"uncharacterized LOC26077",26077,0,160.3,,,,,,,
220,POU2F2,"POU class 2 homeobox 2",5452,1,161.7,10234.6 ,13217.8 ,,14567.3 ,15791.8 ,1112.4 ,
221,NPPA,"natriuretic peptide A",4878,1,162.5,11438.0 ,13081.8 ,7267.6 ,11355.9 ,8526.3 ,1097.4 ,
222,IKZF4,"IKAROS family zinc finger 4 (Eos)",64375,1,162.7,12560.0 ,15684.9 ,4948.1 ,10948.0 ,15743.1 ,,
223,ORAI2,"ORAI calcium release-activated calcium modulator 2",80228,0,162.8,1935.6 ,13789.9 ,3244.9 ,999.2 ,616.4 ,,5022.4 
224,NPC1L1,"NPC1-like 1",29881,0,163.7,8523.3 ,14917.9 ,3435.1 ,14582.6 ,14234.1 ,,
225,LRRC71,"leucine rich repeat containing 71",149499,3,165.1,15449.3 ,,9400.1 ,8523.7 ,11970.2 ,8718.2 ,
226,90393,"&nbsp;",90393,0,165.3,,,,,,,
227,100128008,"&nbsp;",100128008,0,165.6,,,,,,,
228,CACNA1I,"calcium channel, voltage-dependent, T type, alpha 1I subunit",8911,1,166.2,11411.8 ,14397.4 ,,,5364.0 ,551.2 ,3524.3 
229,LINC00608,"long intergenic non-protein coding RNA 608",151300,0,166.4,,,,,,,
230,TOM1,"target of myb1 (chicken)",10043,3,166.8,6.5 ,10.2 ,1612.9 ,,383.8 ,317.5 ,426.9 
231,SLC22A13,"solute carrier family 22 (organic anion/urate transporter), member 13",9390,2,166.8,11599.5 ,,3118.9 ,12353.6 ,,2504.0 ,4495.6 12662.5 
232,DMPK,"dystrophia myotonica-protein kinase",1760,1,167.0,2056.3 ,3063.4 ,1332.0 ,10640.3 ,4021.9 ,6209.7 ,
233,TPSD1,"tryptase delta 1",23430,0,167.9,8950.0 ,4309.3 ,,,,,
234,KMT2B,"lysine (K)-specific methyltransferase 2B",9757,1,168.3,6465.2 ,4842.9 ,3776.5 ,4088.1 ,10712.9 ,4505.5 ,
235,ARSD,"arylsulfatase D",414,0,168.6,1705.5 ,6416.6 ,5663.0 ,,,,
236,ITGA8,"integrin, alpha 8",8516,0,169.0,8018.9 ,7115.4 ,1880.7 ,7787.1 ,6947.4 ,6663.9 ,5742.1 
237,NEU3,"sialidase 3 (membrane sialidase)",10825,0,169.2,13191.5 ,12348.6 ,7382.8 ,12033.4 ,16763.8 ,2952.3 ,
238,SEMA6C,"sema domain, transmembrane domain (TM), and cytoplasmic domain, (semaphorin) 6C",10500,1,169.8,12743.0 ,8445.1 ,2655.2 ,10862.4 ,7043.4 ,121.4 ,
239,GTPBP1,"GTP binding protein 1",9567,1,169.9,1345.0 ,8998.3 ,5319.2 ,2998.1 ,13806.2 ,1300.0 ,3886.1 
240,EGR4,"early growth response 4",1961,0,170.2,9530.3 ,,12851.5 ,12642.6 ,5358.4 ,224.5 ,6500.2 
241,LOC401463,"uncharacterized LOC401463",401463,0,170.8,,,,,,,
242,OTX1,"orthodenticle homeobox 1",5013,1,170.9,13119.4 ,14746.9 ,4158.1 ,19196.5 ,18202.8 ,412.2 ,
243,TBC1D16,"TBC1 domain family, member 16",125058,0,171.0,6902.3 ,1382.5 ,2462.8 ,11274.6 ,2127.3 ,,11064.9 
244,GPR32,"G protein-coupled receptor 32",2854,1,171.6,13347.3 ,,,,,,
245,SP3P,"Sp3 transcription factor pseudogene",160824,0,172.3,13401.8 ,,,,,,
246,PPP1R3F,"protein phosphatase 1, regulatory subunit 3F",89801,0,172.3,9869.9 ,1751.6 ,5454.7 ,15681.0 ,4102.0 ,,
247,SCRN2,"secernin 2",90507,1,173.2,8178.0 ,1225.7 ,1411.0 ,4801.4 ,4310.7 ,4787.4 ,
248,NUTM2F,"NUT family member 2F",54754,0,173.2,11937.1 ,,,,,,
249,SOX30P1,"SRY (sex determining region Y)-box 30 pseudogene 1",442142,0,173.7,,,,,,,
250,FAM163A,"family with sequence similarity 163, member A",148753,1,173.8,14458.9 ,15726.8 ,6101.5 ,14551.4 ,8309.7 ,,
251,UCP3,"uncoupling protein 3 (mitochondrial, proton carrier)",7352,1,174.1,10927.8 ,13672.6 ,3254.6 ,13932.3 ,2332.8 ,1145.0 ,4614.2 
252,ARID1A,"AT rich interactive domain 1A (SWI-like)",8289,3,174.4,12770.0 ,15180.2 ,9494.6 ,4276.8 ,17496.7 ,1104.1 ,6406.2 
253,GRIK5,"glutamate receptor, ionotropic, kainate 5",2901,1,174.6,15202.6 ,13397.4 ,,12152.8 ,10102.1 ,6387.9 ,
254,NRG1,"neuregulin 1",3084,1,174.9,8293.4 ,2638.9 ,,,,284.7 ,
255,DKFZP434A062,"uncharacterized LOC26102",26102,0,175.0,,,,,,,
256,EXOC3L4,"exocyst complex component 3-like 4",91828,0,175.1,,6532.8 ,6533.6 ,1231.3 ,1192.5 ,904.9 ,6090.7 
257,FZD9,"frizzled class receptor 9",8326,1,175.7,9048.8 ,5453.0 ,,16984.9 ,17113.2 ,,4466.0 
258,TMEM132A,"transmembrane protein 132A",54972,1,176.5,6664.6 ,1961.6 ,4858.8 ,6994.6 ,1822.9 ,9039.5 ,
259,DCLK2,"doublecortin-like kinase 2",166614,0,176.5,6636.1 ,1855.8 ,6848.3 ,14289.4 ,15869.4 ,1351.8 ,9287.4 
260,DAB2IP,"DAB2 interacting protein",153090,0,176.6,7094.0 ,1949.8 ,6527.1 ,3881.3 ,5876.9 ,8192.8 ,2813.2 
261,ENTHD2,"ENTH domain containing 2",146705,1,176.6,7224.8 ,1681.6 ,6261.6 ,5352.7 ,8401.9 ,7199.5 ,3198.9 
262,GIPR,"gastric inhibitory polypeptide receptor",2696,0,176.7,11275.3 ,13235.8 ,5897.5 ,15361.1 ,15485.8 ,370.2 ,
263,ODF3B,"outer dense fiber of sperm tails 3B",440836,1,177.1,2471.6 ,1936.6 ,4219.9 ,11560.9 ,11292.4 ,5677.4 ,
264,RSPH6A,"radial spoke head 6 homolog A (Chlamydomonas)",81492,1,177.2,13060.5 ,,4900.2 ,16472.9 ,18781.2 ,312.0 ,
265,LINC00028,"long intergenic non-protein coding RNA 28",140875,0,177.9,15305.3 ,,,,,,
266,SARDH,"sarcosine dehydrogenase",1757,0,178.0,10611.0 ,6807.5 ,3436.0 ,5751.0 ,1852.3 ,6367.4 ,3869.2 
267,TBX10,"T-box 10",347853,0,178.6,14176.3 ,,5596.3 ,,,,1769.0 
268,PCDH1,"protocadherin 1",5097,0,178.6,6513.1 ,9145.2 ,,6026.2 ,1449.5 ,6755.9 ,4317.9 
269,HOXA3,"homeobox A3",3200,2,178.8,13607.2 ,4450.3 ,6513.8 ,14586.7 ,12355.7 ,10694.5 ,5683.3 
270,ATP2B2,"ATPase, Ca++ transporting, plasma membrane 2",491,1,179.2,12411.4 ,10902.6 ,,11980.6 ,7769.0 ,8279.4 ,9485.4 
271,DKKL1,"dickkopf-like 1",27120,1,179.5,12999.5 ,,,13713.2 ,15188.5 ,,
272,TMEM59L,"transmembrane protein 59-like",25789,3,180.2,9827.9 ,9128.7 ,9836.2 ,8259.2 ,8264.5 ,1709.0 ,
273,ZNF594,"zinc finger protein 594",84622,3,180.4,18056.7 ,19118.8 ,12474.1 ,,,,
274,TRPM5,"transient receptor potential cation channel, subfamily M, member 5",29850,1,180.7,10607.3 ,,3165.2 ,17440.8 ,16428.7 ,,7905.3 
275,HAB1,"B1 for mucin",55547,0,180.9,,,,,,,
276,MESP1,"mesoderm posterior basic helix-loop-helix transcription factor 1",55897,0,180.9,8282.1 ,1624.8 ,5927.9 ,15505.4 ,18584.7 ,152.1 ,
277,RANBP3,"RAN binding protein 3",8498,0,181.4,5626.7 ,2011.6 ,,7297.6 ,5857.5 ,3057.3 ,
278,ADAM19,"ADAM metallopeptidase domain 19",8728,0,181.6,6391.7 ,13134.4 ,5072.2 ,,4705.3 ,,1866.8 
279,CBLC,"Cbl proto-oncogene C, E3 ubiquitin protein ligase",23624,3,181.8,9461.2 ,14662.8 ,6188.0 ,11995.8 ,9986.2 ,3353.8 ,
280,CTU2,"cytosolic thiouridylase subunit 2 homolog (S. pombe)",348180,0,182.2,6954.1 ,2151.2 ,,,3472.0 ,2670.7 ,7858.5 
281,FAM53A,"family with sequence similarity 53, member A",152877,1,182.5,12117.1 ,6239.5 ,,12001.0 ,6803.2 ,5647.3 ,4338.8 
282,MSL1,"male-specific lethal 1 homolog (Drosophila)",339287,0,182.5,10155.8 ,8091.9 ,2171.9 ,4327.8 ,13317.2 ,1276.4 ,3858.8 
283,NACC1,"nucleus accumbens associated 1, BEN and BTB (POZ) domain containing",112939,0,182.5,3425.8 ,3093.3 ,,9928.0 ,10355.3 ,6102.3 ,
284,KIAA1211L,"KIAA1211-like",343990,0,182.9,8482.2 ,4718.8 ,,10178.7 ,7676.9 ,11626.0 ,
285,LOC285300,"uncharacterized LOC285300",285300,0,182.9,,,,,,,
286,PBX2,"pre-B-cell leukemia homeobox 2",5089,0,183.5,5434.4 ,13565.0 ,6362.3 ,9066.4 ,5115.4 ,12279.8 ,
287,AOC4P,"amine oxidase, copper containing 4, pseudogene",90586,0,183.9,,18356.1 ,,,,,
288,OR2H2,"olfactory receptor, family 2, subfamily H, member 2",7932,0,184.2,,,5322.2 ,,,,
289,SEZ6,"seizure related 6 homolog (mouse)",124925,3,184.8,13364.1 ,15888.4 ,12618.5 ,10927.8 ,13195.2 ,7065.4 ,
290,LOC645895,"uncharacterized LOC645895",645895,0,184.9,,,,,,,
291,TAB1,"TGF-beta activated kinase 1/MAP3K7 binding protein 1",10454,0,185.2,7941.4 ,11926.0 ,3802.9 ,11041.6 ,5291.4 ,5329.3 ,2462.3 
292,C11orf49,"chromosome 11 open reading frame 49",79096,0,185.8,4516.2 ,5003.7 ,4713.2 ,,8212.6 ,9565.9 ,7883.8 
293,EPO,"erythropoietin",2056,0,186.8,13786.3 ,,8019.9 ,,,680.8 ,
294,VSX1,"visual system homeobox 1",30813,0,187.0,14024.9 ,,6704.2 ,13747.0 ,,,10949.7 
295,ENOX2,"ecto-NOX disulfide-thiol exchanger 2",10495,0,188.0,7098.4 ,9417.5 ,5245.2 ,5729.2 ,7905.5 ,10234.0 ,8385.3 
296,LOC728353,"uncharacterized LOC728353",728353,0,188.8,,,,,,,
297,NOX5,"NADPH oxidase, EF-hand calcium binding domain 5",79400,0,189.2,,5775.1 ,5724.6 ,,,,5062.2 
298,ATP2A2,"ATPase, Ca++ transporting, cardiac muscle, slow twitch 2",488,0,189.8,4035.6 ,4169.8 ,,2478.4 ,6944.2 ,376.0 ,7783.9 
299,FGFR2,"fibroblast growth factor receptor 2",2263,0,190.6,19078.9 ,18404.6 ,,4342.0 ,7901.4 ,1670.8 ,11422.2 
300,LTBR,"lymphotoxin beta receptor (TNFR superfamily, member 3)",4055,0,190.6,72.1 ,170.9 ,433.8 ,1240.5 ,911.8 ,2259.3 ,
301,FAM111A,"family with sequence similarity 111, member A",63901,3,190.9,10702.9 ,16492.2 ,1208.4 ,17884.0 ,13618.7 ,11308.0 ,
302,PDZD7,"PDZ domain containing 7",79955,1,191.0,12062.6 ,10875.5 ,3843.6 ,,4077.1 ,,5971.3 
303,FEZ1,"fasciculation and elongation protein zeta 1 (zygin I)",9638,1,191.4,7328.2 ,12380.5 ,8984.6 ,3933.9 ,11103.6 ,4456.9 ,10477.0 
304,728288,"&nbsp;",728288,0,191.6,,,,,,,
305,ZNF771,"zinc finger protein 771",51333,1,191.8,7958.6 ,1825.6 ,4363.5 ,11536.0 ,782.0 ,,
306,SDCCAG3,"serologically defined colon cancer antigen 3",10807,1,191.9,8453.4 ,4656.4 ,4408.0 ,1419.5 ,15102.3 ,448.9 ,7604.6 
307,PCSK6,"proprotein convertase subtilisin/kexin type 6",5046,0,191.9,6078.9 ,10441.6 ,,10891.7 ,11500.0 ,7067.6 ,2924.9 
308,EPN1,"epsin 1",29924,1,192.5,4273.3 ,872.8 ,2649.9 ,4741.9 ,265.1 ,6834.9 ,
309,STX4,"syntaxin 4",6810,3,192.6,61.2 ,129.0 ,2795.6 ,599.7 ,7.5 ,5668.3 ,
310,PHF8,"PHD finger protein 8",23133,0,193.5,7587.5 ,6276.8 ,9059.3 ,4462.2 ,13171.5 ,8657.8 ,
311,UBIAD1,"UbiA prenyltransferase domain containing 1",29914,0,193.8,5827.1 ,9593.2 ,5589.7 ,9103.7 ,6199.4 ,4281.9 ,2294.6 
312,CITED2,"Cbp/p300-interacting transactivator, with Glu/Asp-rich carboxy-terminal domain, 2",10370,0,193.9,410.1 ,384.5 ,,370.5 ,4072.7 ,8916.7 ,2245.6 
313,LOC728743,"zinc finger protein pseudogene",728743,0,194.1,,6898.3 ,,,,,
314,NFKB1,"nuclear factor of kappa light polypeptide gene enhancer in B-cells 1",4790,3,194.4,512.8 ,1725.2 ,67.2 ,1157.3 ,2323.1 ,2951.1 ,1336.7 
315,100130262,"&nbsp;",100130262,0,194.6,,,,,,,
316,PDE12,"phosphodiesterase 12",201626,1,194.8,4050.6 ,12317.6 ,11785.5 ,7004.7 ,15767.1 ,5976.4 ,4260.5 
317,SLC7A11,"solute carrier family 7 (anionic amino acid transporter light chain, xc- system), member 11",23657,3,195.0,282.5 ,7721.6 ,7750.0 ,906.8 ,10853.4 ,1170.1 ,1554.5 
318,645832,"&nbsp;",645832,0,195.2,13919.5 ,,,17169.7 ,13997.0 ,1258.7 ,5854.2 
319,KIAA1755,"KIAA1755",85449,1,195.4,13082.0 ,11893.8 ,4706.6 ,,5133.1 ,838.9 ,
320,FGF21,"fibroblast growth factor 21",26291,0,195.4,9159.0 ,16016.3 ,5028.5 ,8824.0 ,,890.8 ,
321,DNAAF1,"dynein, axonemal, assembly factor 1",123872,3,195.8,15346.4 ,17932.7 ,,9546.3 ,15076.2 ,1688.6 ,9626.9 
322,PPP1R15A,"protein phosphatase 1, regulatory subunit 15A",23645,3,195.9,37.1 ,321.3 ,,47.1 ,1591.6 ,431.7 ,
323,PAX4,"paired box 4",5078,0,196.1,14613.2 ,,5962.2 ,13247.0 ,,1253.3 ,
324,LOC100128239,"uncharacterized LOC100128239",100128239,0,196.5,,15242.9 ,,,,,
325,RRAGC,"Ras-related GTP binding C",64121,3,196.8,119.0 ,1129.7 ,17.1 ,210.4 ,4983.2 ,190.7 ,3743.3 
326,NUDT7,"nudix (nucleoside diphosphate linked moiety X)-type motif 7",283927,0,197.3,11315.8 ,15637.8 ,15597.5 ,10367.9 ,6739.6 ,,6404.0 
327,SLC9A3,"solute carrier family 9, subfamily A (NHE3, cation proton antiporter 3), member 3",6550,0,198.1,11636.3 ,6599.0 ,,14208.8 ,9113.5 ,7346.3 ,5223.6 
328,BMP1,"bone morphogenetic protein 1",649,3,198.4,1354.0 ,779.9 ,3675.8 ,3668.2 ,2123.8 ,5636.4 ,
329,SUSD3,"sushi domain containing 3",203328,0,198.4,12038.1 ,12045.0 ,8313.0 ,10309.6 ,9172.9 ,3302.0 ,1555.4 
330,WNT10A,"wingless-type MMTV integration site family, member 10A",80326,0,199.6,8518.8 ,12154.6 ,5966.0 ,17804.6 ,6226.9 ,971.1 ,6499.7 
331,SCAND2P,"SCAN domain containing 2 pseudogene",54581,0,199.6,7474.5 ,16664.7 ,,,,,
332,LTB4R2,"leukotriene B4 receptor 2",56413,0,199.7,13635.2 ,9881.6 ,7090.6 ,16944.9 ,,872.0 ,
333,MEX3D,"mex-3 RNA binding family member D",399664,1,199.8,13332.5 ,4189.7 ,,5891.2 ,12448.6 ,8670.5 ,6465.6 
334,DKFZp779M0652,"uncharacterized DKFZp779M0652",374387,1,200.5,13907.0 ,,,,,,
335,TRIM17,"tripartite motif containing 17",51127,0,200.6,12770.4 ,12938.3 ,6259.7 ,,12405.7 ,510.3 ,
336,RLTPR,"RGD motif, leucine rich repeats, tropomodulin domain and proline-rich containing",146206,1,201.2,16114.0 ,15753.0 ,5239.1 ,9866.9 ,8813.3 ,349.8 ,7586.6 
337,IL17C,"interleukin 17C",27189,0,201.6,14181.4 ,,4938.3 ,,,,
338,ABHD16A,"abhydrolase domain containing 16A",7920,0,201.8,,340.6 ,,488.5 ,821.8 ,5581.7 ,
339,ZSWIM8,"zinc finger, SWIM-type containing 8",23053,1,202.6,1210.8 ,696.1 ,406.6 ,1197.7 ,1177.3 ,1194.6 ,4480.4 
340,CYP11B2,"cytochrome P450, family 11, subfamily B, polypeptide 2",1585,0,202.7,13362.7 ,,4990.5 ,13182.1 ,5781.4 ,489.7 4147.7 ,
341,TTC38,"tetratricopeptide repeat domain 38",55020,0,202.9,2058.5 ,1225.1 ,,8306.1 ,3953.1 ,,4671.9 3489.3 
342,GLRA1,"glycine receptor, alpha 1",2741,0,203.1,14096.0 ,,4895.3 ,14402.1 ,5027.6 ,940.6 ,7093.7 
343,DOHH,"deoxyhypusine hydroxylase/monooxygenase",83475,2,203.7,6950.4 ,1431.1 ,1260.1 ,2900.5 ,1290.0 ,857.0 ,3607.7 
344,ACTN1,"actinin, alpha 1",87,2,204.2,1227.9 ,1470.6 ,,1478.9 ,1061.2 ,5959.4 ,3533.2 
345,BRD7P3,"bromodomain containing 7 pseudogene 3",23629,0,205.7,18628.8 ,,,,,,
346,FAM153A,"family with sequence similarity 153, member A",285596,0,206.0,,,,,,,
347,CCDC176,"coiled-coil domain containing 176",80127,0,206.1,8337.7 ,8474.1 ,,13872.3 ,15810.2 ,,8598.7 
348,GRM7,"glutamate receptor, metabotropic 7",2917,1,206.6,16058.9 ,11167.5 ,,12957.2 ,5783.3 ,2754.3 ,6683.5 
349,AHDC1,"AT hook, DNA binding motif, containing 1",27245,0,206.7,7019.8 ,5449.9 ,5218.7 ,11085.6 ,12939.8 ,4358.7 ,
350,RBBP8NL,"RBBP8 N-terminal like",140893,0,206.8,13448.3 ,14840.4 ,,,,,
351,IDS,"iduronate 2-sulfatase",3423,3,207.7,197.8 ,6627.7 ,597.6 ,7177.5 ,3329.5 ,9640.0 ,6566.0 
352,NKX3-1,"NK3 homeobox 1",4824,1,207.9,9174.1 ,2209.1 ,8374.9 ,17332.8 ,12342.4 ,1212.1 ,
353,KY,"kyphoscoliosis peptidase",339855,1,208.8,10380.7 ,9251.6 ,,15197.3 ,13320.4 ,971.3 ,5172.8 
354,FOXD3,"forkhead box D3",27022,1,208.8,8095.4 ,11931.1 ,8532.4 ,17645.9 ,12448.7 ,736.2 ,
355,KCNJ5,"potassium inwardly-rectifying channel, subfamily J, member 5",3762,0,209.5,11015.7 ,16795.1 ,4579.3 ,16574.0 ,8488.8 ,256.5 ,2735.6 
356,FLJ38668,"uncharacterized LOC644903",644903,1,209.8,9628.0 ,17360.7 ,,,,,
357,TACR1,"tachykinin receptor 1",6869,0,209.8,13459.4 ,12933.9 ,9597.9 ,17163.3 ,10974.9 ,727.6 ,8037.1 
358,C1orf228,"chromosome 1 open reading frame 228",339541,0,210.0,13551.8 ,8575.0 ,7711.6 ,,16106.9 ,,
359,TRPV5,"transient receptor potential cation channel, subfamily V, member 5",56302,0,210.4,14560.0 ,,8235.9 ,,,561.0 ,
360,ARSF,"arylsulfatase F",416,2,210.6,13685.2 ,18245.5 ,4656.2 ,,,,
361,SRC,"SRC proto-oncogene, non-receptor tyrosine kinase",6714,1,210.8,915.5 ,4825.9 ,6175.5 ,3298.6 ,804.0 ,5370.5 ,3693.4 
362,TXNRD1,"thioredoxin reductase 1",7296,3,210.8,26.5 ,560.9 ,,1062.8 ,1477.4 ,189.4 ,492.3 
363,SH3BP1,"SH3-domain binding protein 1",23616,1,211.3,11285.9 ,8880.4 ,10667.1 ,17308.0 ,1606.7 ,347.6 ,6441.4 
364,SLC2A9,"solute carrier family 2 (facilitated glucose transporter), member 9",56606,0,211.7,3509.0 ,8828.0 ,,7940.7 ,4862.4 ,7606.0 ,5570.3 
365,EML2,"echinoderm microtubule associated protein like 2",24139,0,212.1,1253.7 ,2782.5 ,1569.3 ,1345.9 ,996.9 ,5469.5 ,
366,BUD31,"BUD31 homolog (S. cerevisiae)",8896,3,212.2,3781.7 ,2003.4 ,1434.3 ,,,1955.4 ,699.2 
367,TNPO2,"transportin 2",30000,0,214.2,6464.8 ,11985.3 ,,1748.5 ,6634.9 ,1665.0 ,
368,CACHD1,"cache domain containing 1",57685,2,214.8,18557.4 ,7472.8 ,,17705.2 ,13607.0 ,3238.8 ,10171.7 
369,SPDEF,"SAM pointed domain containing ETS transcription factor",25803,3,215.0,10098.9 ,3100.7 ,3518.3 ,16400.9 ,13815.3 ,1301.7 ,7079.8 
370,LOC652276,"potassium channel tetramerization domain containing 5 pseudogene",652276,0,215.5,9341.7 ,15813.8 ,,,,,
371,LINC00514,"long intergenic non-protein coding RNA 514",283875,0,215.9,,17575.4 ,,,,,
372,PDLIM7,"PDZ and LIM domain 7 (enigma)",9260,1,216.1,1775.9 ,3285.9 ,,1909.6 ,2660.7 ,4962.1 ,7330.5 
373,CD63,"CD63 molecule",967,3,216.1,214.5 ,304.6 ,5.9 ,,2128.7 ,3537.1 ,
374,TACSTD2,"tumor-associated calcium signal transducer 2",4070,2,216.3,3793.7 ,7385.6 ,6498.4 ,9200.8 ,8695.8 ,4922.2 ,5404.5 
375,NBAT1,"neuroblastoma associated transcript 1",729177,0,216.9,,,,,,,
376,SSC4D,"scavenger receptor cysteine rich family, 4 domains",136853,0,217.0,12598.9 ,7936.0 ,,17354.6 ,8660.5 ,635.4 ,
377,ADAMTS10,"ADAM metallopeptidase with thrombospondin type 1 motif, 10",81794,1,217.1,10249.1 ,3309.9 ,68.1 ,6617.2 ,1744.0 ,1824.1 ,7457.1 
378,80093,"&nbsp;",80093,0,217.4,,,,,,,
379,LELP1,"late cornified envelope-like proline-rich 1",149018,3,217.6,16148.1 ,,10137.6 ,15206.8 ,18192.2 ,,
380,NPEPL1,"aminopeptidase-like 1",79716,0,218.1,3363.9 ,1334.3 ,,5069.7 ,2626.7 ,6746.4 ,1100.0 
381,NFKBIA,"nuclear factor of kappa light polypeptide gene enhancer in B-cells inhibitor, alpha",4792,3,218.1,163.5 ,936.6 ,6589.4 ,219.7 ,1096.1 ,1141.1 ,2.2 
382,PGBD2,"piggyBac transposable element derived 2",267002,0,218.7,8016.9 ,19373.8 ,6307.7 ,,,,
383,PSD,"pleckstrin and Sec7 domain containing",5662,1,218.8,10971.8 ,7613.6 ,,12331.5 ,2494.9 ,1640.6 ,7169.6 
384,ZNF653,"zinc finger protein 653",115950,1,219.0,7486.2 ,3336.7 ,8656.8 ,3784.3 ,10536.8 ,2862.8 ,
385,100132971,"&nbsp;",100132971,0,219.4,,,,,,,
386,BCL6B,"B-cell CLL/lymphoma 6, member B",255877,1,219.6,8239.9 ,10441.5 ,4711.7 ,2830.3 ,14254.5 ,7326.6 ,
387,100134089,"&nbsp;",100134089,0,220.1,,,,,,,
388,DDIT3,"DNA-damage-inducible transcript 3",1649,3,220.7,28.2 ,139.5 ,22.4 ,20.2 ,625.2 ,2812.3 ,
389,DKFZp566F0947,"uncharacterized LOC94023",94023,0,220.7,,,,,,,
390,SLC39A8,"solute carrier family 39 (zinc transporter), member 8",64116,0,221.7,4223.9 ,9431.7 ,4188.6 ,6675.4 ,11117.0 ,11967.3 ,7828.5 
391,MTG2,"mitochondrial ribosome-associated GTPase 2",26164,0,222.4,1208.7 ,13803.8 ,4702.0 ,2770.7 ,6872.9 ,4912.3 ,8258.3 
392,TOR2A,"torsin family 2, member A",27433,1,222.7,8091.1 ,3811.9 ,10031.7 ,2716.0 ,5010.9 ,3176.7 ,2167.2 
393,DCBLD2,"discoidin, CUB and LCCL domain containing 2",131566,0,222.8,7082.3 ,8539.7 ,12449.4 ,5384.8 ,10581.0 ,2555.1 ,4323.8 
394,MAST1,"microtubule associated serine/threonine kinase 1",22983,3,223.4,14531.7 ,11936.0 ,6631.4 ,13305.5 ,7606.8 ,1456.2 ,
395,LINC00544,"long intergenic non-protein coding RNA 544",440131,0,223.4,16231.8 ,,,,,,
396,FKBP6,"FK506 binding protein 6, 36kDa",8468,1,223.7,13933.3 ,,,17027.4 ,14981.7 ,,12594.7 
397,DLG4,"discs, large homolog 4 (Drosophila)",1742,0,223.7,8584.2 ,5204.3 ,,2995.4 ,1826.8 ,374.7 ,
398,SMYD2,"SET and MYND domain containing 2",56950,0,224.2,11326.7 ,7848.6 ,506.5 ,6003.7 ,2085.8 ,8747.9 ,3203.1 
399,ALX3,"ALX homeobox 3",257,0,225.1,9819.8 ,6222.1 ,7893.1 ,16942.1 ,,538.1 ,
400,DKFZP434K028,"uncharacterized LOC26070",26070,0,225.3,15127.5 ,,,,,,
401,PRKACG,"protein kinase, cAMP-dependent, catalytic, gamma",5568,1,226.1,15926.5 ,,,,,,
402,AP2A1,"adaptor-related protein complex 2, alpha 1 subunit",160,2,226.6,818.8 ,549.7 ,6304.1 ,2085.2 ,1166.0 ,,
403,ZNF518B,"zinc finger protein 518B",85460,0,226.7,10996.8 ,13786.8 ,2189.4 ,12992.4 ,15706.9 ,,7858.9 
404,YBX3,"Y box binding protein 3",8531,0,227.2,2848.3 ,3310.8 ,7774.6 ,14502.1 ,18514.9 ,5133.0 ,520.0 
405,TPSAB1,"tryptase alpha/beta 1",7177,1,227.4,,3461.9 ,3199.5 ,10348.0 ,3191.9 ,236.2 ,
406,ST3GAL2,"ST3 beta-galactoside alpha-2,3-sialyltransferase 2",6483,0,227.8,2524.7 ,10247.2 ,5846.7 ,1356.5 ,2535.1 ,2800.1 ,10020.3 
407,SLC1A6,"solute carrier family 1 (high affinity aspartate/glutamate transporter), member 6",6511,0,227.9,12609.3 ,19019.9 ,,12812.1 ,3422.2 ,2105.1 ,2686.1 
408,GRM4,"glutamate receptor, metabotropic 4",2914,0,228.2,13151.3 ,15166.0 ,,18565.1 ,9598.9 ,1662.5 ,6420.3 
409,KSR1,"kinase suppressor of ras 1",8844,0,228.2,5070.3 ,12145.7 ,1408.4 ,6723.4 ,6590.6 ,2447.9 ,1829.9 
410,LOC344887,"NmrA-like family domain containing 1 pseudogene",344887,3,228.3,78.9 ,797.5 ,,,,,
411,SHANK2,"SH3 and multiple ankyrin repeat domains 2",22941,1,228.6,14760.4 ,10366.5 ,6039.0 ,15827.7 ,9237.6 ,59.0 ,8971.2 
412,BCL2L14,"BCL2-like 14 (apoptosis facilitator)",79370,0,228.6,16460.3 ,17262.0 ,9681.4 ,16027.1 ,16835.6 ,1312.3 ,4351.4 
413,NQO1,"NAD(P)H dehydrogenase, quinone 1",1728,3,229.3,117.9 ,714.7 ,,1462.9 ,3407.4 ,787.3 ,1797.0 
414,SEMA3B,"sema domain, immunoglobulin domain (Ig), short basic domain, secreted, (semaphorin) 3B",7869,0,229.3,3157.1 ,4269.0 ,5406.4 ,5805.8 ,2494.8 ,3861.8 ,5401.8 
415,TTTY6,"testis-specific transcript, Y-linked 6 (non-protein coding)",84672,0,229.9,,,,,,,
416,MT1G,"metallothionein 1G",4495,2,230.1,521.9 ,5120.6 ,,,,,
417,MICALL2,"MICAL-like 2",79778,1,230.1,2632.1 ,1540.9 ,3577.5 ,1987.8 ,4898.3 ,7752.7 ,2749.6 
418,PQLC2,"PQ loop repeat containing 2",54896,1,230.2,384.8 ,5730.4 ,1579.8 ,5088.4 ,3866.9 ,,138.6 
419,NEBL,"nebulette",10529,0,230.5,10819.3 ,11771.5 ,3751.8 ,,,8006.6 ,
420,SYNGAP1,"synaptic Ras GTPase activating protein 1",8831,0,231.5,16736.5 ,12915.7 ,,,13310.4 ,1073.2 ,
421,UNC5A,"unc-5 homolog A (C. elegans)",90249,1,231.6,13667.2 ,9341.2 ,,11339.3 ,4797.2 ,843.0 ,
422,SSX3,"synovial sarcoma, X breakpoint 3",10214,3,231.7,13735.6 ,,,,,,
423,CRHR1,"corticotropin releasing hormone receptor 1",1394,0,232.3,13211.1 ,16441.4 ,7515.3 ,12404.1 ,6421.2 ,299.6 ,6582.6 
424,ODF3L2,"outer dense fiber of sperm tails 3-like 2",284451,0,232.5,12050.5 ,,,,,,
425,KIF19,"kinesin family member 19",124602,1,232.9,11284.8 ,12712.0 ,4569.3 ,,10111.2 ,,
426,SNTG1,"syntrophin, gamma 1",54212,0,233.6,16945.5 ,,,11184.6 ,9478.9 ,,9749.1 
427,MFNG,"MFNG O-fucosylpeptide 3-beta-N-acetylglucosaminyltransferase",4242,3,234.4,14721.8 ,9931.0 ,,,12457.5 ,4178.4 ,4867.0 
428,SLC28A1,"solute carrier family 28 (concentrative nucleoside transporter), member 1",9154,3,234.9,11800.6 ,18324.3 ,,,16480.1 ,2338.8 ,
429,THRA,"thyroid hormone receptor, alpha",7067,1,235.9,5000.1 ,733.4 ,,7519.0 ,4590.7 ,4529.2 ,3238.9 
430,DDR1-AS1,"DDR1 antisense RNA 1 (head to head)",414771,0,236.2,,,,,,,
431,KLK4,"kallikrein-related peptidase 4",9622,1,236.5,11512.7 ,7291.8 ,,15827.3 ,,,
432,RNF151,"ring finger protein 151",146310,1,236.7,12206.9 ,,9281.3 ,18100.3 ,18974.8 ,2105.4 ,
433,100129951,"&nbsp;",100129951,0,236.9,,,,,,,
434,100131081,"&nbsp;",100131081,0,237.1,,,,,,,
435,LITAF,"lipopolysaccharide-induced TNF factor",9516,3,237.3,166.5 ,3246.4 ,407.3 ,223.3 ,2692.4 ,6949.6 ,4706.2 
436,TMEM151A,"transmembrane protein 151A",256472,1,237.6,9077.0 ,4250.2 ,7356.1 ,10833.7 ,1776.0 ,958.4 ,
437,CSNK1D,"casein kinase 1, delta",1453,3,237.8,159.1 ,670.3 ,,75.2 ,2464.8 ,832.0 ,1729.2 
438,C17orf59,"chromosome 17 open reading frame 59",54785,1,237.9,3714.8 ,700.0 ,3002.4 ,250.2 ,380.5 ,1864.2 ,
439,TGFB1,"transforming growth factor, beta 1",7040,3,238.2,807.2 ,2081.7 ,,1162.0 ,1256.8 ,5375.7 ,
440,PAK2,"p21 protein (Cdc42/Rac)-activated kinase 2",5062,2,238.9,6576.3 ,15903.8 ,,9161.0 ,5951.8 ,1939.9 ,6689.0 
441,ZNF335,"zinc finger protein 335",63925,1,240.1,2136.0 ,2234.0 ,7313.9 ,3416.7 ,10985.6 ,2254.7 ,6009.2 
442,CBS,"cystathionine-beta-synthase",875,1,240.2,6658.4 ,5162.9 ,,9492.4 ,8552.6 ,7651.1 ,8532.3 
443,SLC25A29,"solute carrier family 25 (mitochondrial carnitine/acylcarnitine carrier), member 29",123096,0,240.2,6708.1 ,3705.2 ,6001.7 ,5985.2 ,789.8 ,5366.3 ,3028.3 
444,SCNN1A,"sodium channel, non-voltage-gated 1 alpha subunit",6337,1,241.4,8729.8 ,9763.8 ,1407.9 ,18916.1 ,2743.9 ,2111.0 ,1954.6 
445,LYPD5,"LY6/PLAUR domain containing 5",284348,3,242.9,12601.1 ,11915.6 ,7446.3 ,14941.7 ,14591.0 ,,
446,GLP1R,"glucagon-like peptide 1 receptor",2740,1,243.1,13469.0 ,17184.6 ,,13106.1 ,7068.1 ,312.1 ,9543.2 
447,CRYGA,"crystallin, gamma A",1418,1,243.3,13203.5 ,,8150.1 ,10988.3 ,9050.6 ,5110.5 ,
448,MUC3A,"mucin 3A, cell surface associated",4584,2,243.7,14387.4 ,8959.3 ,,,11452.6 ,,
449,MYL7,"myosin, light chain 7, regulatory",58498,1,244.3,11148.9 ,17201.2 ,8897.1 ,16831.0 ,15197.3 ,2379.2 ,
450,BAG6,"BCL2-associated athanogene 6",7917,3,244.4,,905.8 ,,981.9 ,6660.0 ,2296.5 ,
451,CLDN9,"claudin 9",9080,0,244.5,10386.4 ,15072.8 ,3503.4 ,13923.5 ,17760.0 ,,
452,IQSEC2,"IQ motif and Sec7 domain 2",23096,1,244.7,5533.1 ,618.0 ,6011.8 ,5619.4 ,2106.0 ,3301.8 ,
453,WBSCR22,"Williams Beuren syndrome chromosome region 22",114049,3,244.7,3199.0 ,3960.5 ,2054.4 ,12539.5 ,9959.2 ,,5678.3 
454,P2RX2,"purinergic receptor P2X, ligand-gated ion channel, 2",22953,1,244.9,12493.0 ,,3838.3 ,15531.3 ,18468.4 ,2207.1 ,
455,CNGB1,"cyclic nucleotide gated channel beta 1",1258,1,245.0,13929.1 ,17386.1 ,6223.7 ,,,1288.5 ,6695.9 
456,SLC22A23,"solute carrier family 22, member 23",63027,0,245.1,4674.0 ,5947.9 ,2432.5 ,4751.4 ,12340.2 ,4276.9 ,2353.0 
457,DCAF15,"DDB1 and CUL4 associated factor 15",90379,2,245.1,6248.1 ,4047.5 ,3718.3 ,5267.1 ,13386.2 ,3422.0 ,
458,ZBTB10,"zinc finger and BTB domain containing 10",65986,0,246.2,6146.0 ,8136.4 ,4082.4 ,7166.7 ,12351.2 ,2721.9 ,5773.3 
459,LTBP3,"latent transforming growth factor beta binding protein 3",4054,0,246.3,1579.5 ,365.1 ,,2335.5 ,793.8 ,2487.4 ,
460,LOC79999,"uncharacterized LOC79999",79999,0,246.3,,,,,,,
461,PI16,"peptidase inhibitor 16",221476,0,246.4,10190.4 ,6519.8 ,8616.9 ,11272.6 ,5487.3 ,1132.7 ,
462,POU6F1,"POU class 6 homeobox 1",5463,1,246.4,7060.9 ,13226.0 ,4284.2 ,5985.0 ,1690.8 ,1277.8 ,
463,NFKBIZ,"nuclear factor of kappa light polypeptide gene enhancer in B-cells inhibitor, zeta",64332,3,246.4,677.6 ,4265.7 ,1304.6 ,115.5 ,2961.4 ,936.3 ,333.1 
464,LINC00334,"long intergenic non-protein coding RNA 334",114042,1,246.6,15283.4 ,,,,,,
465,MYBPC3,"myosin binding protein C, cardiac",4607,0,247.1,9274.6 ,10905.3 ,6876.2 ,13733.3 ,2866.3 ,2476.9 ,8550.0 
466,PIK3CD-AS1,"PIK3CD antisense RNA 1",644997,0,247.5,15959.5 ,17865.9 ,,,,,
467,SAMM50,"SAMM50 sorting and assembly machinery component",25813,3,248.2,6699.0 ,5019.9 ,,1561.8 ,4000.8 ,7709.9 ,7589.8 
468,WNT7B,"wingless-type MMTV integration site family, member 7B",7477,0,248.6,4892.7 ,9670.6 ,2968.2 ,11161.3 ,7862.2 ,,9676.2 
469,ANKRD60,"ankyrin repeat domain 60",140731,0,248.8,11730.1 ,,7855.0 ,,17908.8 ,583.5 ,2886.3 
470,NOS1,"nitric oxide synthase 1 (neuronal)",4842,0,249.0,14398.8 ,17569.3 ,3549.9 ,9883.9 ,12204.0 ,391.1 ,5718.9 
471,CDH15,"cadherin 15, type 1, M-cadherin (myotubule)",1013,1,249.1,10291.3 ,5235.8 ,,12798.2 ,8289.2 ,477.0 ,
472,SMOX,"spermine oxidase",54498,0,249.2,287.4 ,388.3 ,4446.6 ,738.0 ,4821.2 ,2788.8 ,570.4 
473,GFER,"growth factor, augmenter of liver regeneration",2671,1,249.2,4002.2 ,4324.0 ,7206.2 ,9435.6 ,14244.5 ,6781.8 ,3700.7 
474,C1orf68,"chromosome 1 open reading frame 68",100129271,1,249.2,13440.7 ,14362.5 ,,14675.4 ,10159.8 ,1143.0 ,
475,TRIM16,"tripartite motif containing 16",10626,3,250.0,155.2 ,3373.2 ,,,1308.2 ,1215.8 ,
476,MAPRE3,"microtubule-associated protein, RP/EB family, member 3",22924,1,250.6,226.9 ,1071.9 ,,1263.2 ,795.8 ,3532.7 ,
477,ADAMTSL3,"ADAMTS-like 3",57188,0,251.1,12994.7 ,7353.1 ,,16081.8 ,5667.2 ,,6013.7 
478,ZNRD1-AS1,"ZNRD1 antisense RNA 1",80862,3,251.2,18330.5 ,14705.8 ,,,,,
479,IL20RA,"interleukin 20 receptor, alpha",53832,0,251.8,14572.2 ,7252.9 ,3713.4 ,17317.0 ,,,2583.9 
480,DPF1,"D4, zinc and double PHD fingers family 1",8193,2,252.0,17117.4 ,13300.3 ,,18019.2 ,13819.2 ,1516.3 ,
481,ITIH6,"inter-alpha-trypsin inhibitor heavy chain family, member 6",347365,1,252.2,14564.4 ,,6019.2 ,,,,4717.3 
482,GUCA1A,"guanylate cyclase activator 1A (retina)",2978,1,252.4,16404.8 ,16725.2 ,10508.9 ,13295.0 ,7995.6 ,2562.8 ,7735.8 
483,TBX3,"T-box 3",6926,0,252.5,2911.1 ,1723.7 ,909.4 ,10626.4 ,11147.4 ,275.2 ,5650.5 
484,EDN3,"endothelin 3",1908,2,253.7,14095.5 ,17905.0 ,,6929.5 ,5347.1 ,,
485,CPNE7,"copine VII",27132,1,253.7,9135.5 ,7158.1 ,,11667.8 ,7982.8 ,1866.2 ,8462.4 
486,DSCAML1,"Down syndrome cell adhesion molecule like 1",57453,1,253.9,15565.3 ,10981.5 ,,11502.8 ,13308.4 ,,5284.9 
487,728475,"&nbsp;",728475,0,254.2,,,,,,,
488,GNAO1,"guanine nucleotide binding protein (G protein), alpha activating activity polypeptide O",2775,2,254.2,16905.2 ,10133.5 ,14176.0 ,10878.0 ,8655.0 ,2864.9 ,8249.7 
489,KLK14,"kallikrein-related peptidase 14",43847,0,254.3,13975.5 ,,,,16822.0 ,,
490,KCNQ2,"potassium voltage-gated channel, KQT-like subfamily, member 2",3785,1,254.4,16566.4 ,15838.8 ,5390.4 ,12033.1 ,14024.0 ,244.3 ,2358.6 
491,DDX54,"DEAD (Asp-Glu-Ala-Asp) box polypeptide 54",79039,0,254.7,7054.6 ,742.3 ,2162.2 ,1989.3 ,2087.7 ,2786.8 ,5130.1 
492,POM121L10P,"POM121 transmembrane nucleoporin-like 10, pseudogene",646074,1,255.1,15219.1 ,18246.6 ,,,,,
493,KIRREL2,"kin of IRRE like 2 (Drosophila)",84063,1,255.2,15082.5 ,13716.9 ,12135.5 ,,12675.0 ,,
494,AKAP7,"A kinase (PRKA) anchor protein 7",9465,0,255.3,17319.2 ,10142.0 ,8026.0 ,12869.3 ,10555.5 ,8200.9 ,7470.5 
495,BRSK1,"BR serine/threonine kinase 1",84446,1,255.4,13573.5 ,14528.7 ,,15929.6 ,14211.5 ,4923.8 ,
496,NPRL3,"nitrogen permease regulator-like 3 (S. cerevisiae)",8131,1,255.5,3659.7 ,3174.1 ,2190.6 ,1167.9 ,5099.7 ,1534.5 ,3845.7 
497,TAOK2,"TAO kinase 2",9344,1,256.1,1951.9 ,1079.5 ,2920.6 ,5817.7 ,10846.5 ,,
498,NTN1,"netrin 1",9423,0,256.2,7984.2 ,4994.6 ,4958.4 ,,8489.6 ,2883.4 ,8381.7 
499,CACNA1G,"calcium channel, voltage-dependent, T type, alpha 1G subunit",8913,0,256.3,15341.3 ,4903.7 ,,12139.7 ,9353.2 ,290.1 ,5046.5 
500,NPFFR1,"neuropeptide FF receptor 1",64106,0,257.4,10080.0 ,,2385.3 ,,,1373.9 ,8116.8 

