GeneSymbol,GeneSymbol.1,INT
PPP1R15A,LYN,PPI
RBPJ,FHL1,PPI
LAPTM5,NEDD4L,PPI
MBP,ROCK1,PPI
PCNA,RFC5,PPI
PPP3CA,CRTC2,PPI
FKBP1A,PPP3CA,PPI
PCNA,NONO,PPI
PCNA,PRKDC,PPI
MUTYH,PCNA,PPI
SRGAP3,WASF1,PPI
MAPK8,REL,PPI
PCNA,DDX17,PPI
CSNK2B,LYN,PPI
VDAC1,BAX,PPI
VCL,EEF1A1,PPI
SNTB2,ERBB4,PPI
KIT,LYN,PPI
CCND1,KLF6,PPI
PPIA,PPP3CA,PPI
SNRP70,SRSF10,PPI
HLA-B,B2M,PPI
ERC2,PPFIA1,PPI
SPRY2,CBLB,PPI
CBLB,SH3GL2,PPI
HLA-B,B2M,PPI
LYN,LCP2,PPI
HLA-B,B2M,PPI
HLA-B,B2M,PPI
LYN,PDE4D,PPI
LYN,UBB,PPI
VDAC1,HSPA9,PPI
DLG4,ERBB4,PPI
MRE11A,NEK1,PPI
NEK1,FEZ1,PPI
PPP2R5D,NEK1,PPI
TRAF4,PLSCR1,PPI
VDAC1,BAK1,PPI
HSF1,NCOA6,PPI
APLP1,EEF1A1,PPI
PARD3,PLCB1,PPI
PARD6A,PLCB1,PPI
PPFIA1,GIT1,PPI
PCNA,RFC2,PPI
CYP2E1,UBC,PPI
RPS10,EIF3E,PPI
UBC,HCLS1,PPI
RPS13,EEF1A1,PPI
HELZ,SAV1,PPI
IGBP1,PPP4R2,PPI
TRIM5,USP21,PPI
TRIM34,TRIM5,PPI
DNM2,CCDC90B,PPI
HSPA2,CEP57,PPI
UBC,AKR1C1,PPI
RACK1,EIF3E,PPI
UBC,PNISR,PPI
PPP1R12B,UBC,PPI
RACK1,SAT1,PPI
CHD4,TWIST1,PPI
WDR5,TWIST1,PPI
HDAC3,TWIST1,PPI
UBE2D2,TRIM5,PPI
UBC,PDE4B,PPI
CHD3,SAT1,PPI
IQGAP1,CEP57,PPI
FAM9B,CMTM6,PPI
CMTM6,DNMT3B,PPI
ZFC3H1,MIB1,PPI
ARRB2,LIMA1,PPI
UBC,ANKRD10,PPI
GRK5,BCLAF1,PPI
NF2,RIT1,PPI
GRK5,EEF1A1,PPI
UBC,NBPF1,PPI
SRSF10,SEPT2,PPI
EBNA1BP2,ADNP,PPI
SAP18,ADNP,PPI
EMD,ADNP,PPI
EIF3E,RPS3A,PPI
HDAC1,ADNP,PPI
HIST3H3,ADNP,PPI
EED,ADNP,PPI
RNF2,ADNP,PPI
BMI1,ADNP,PPI
RPS3A,CEP57,PPI
POLR2I,CPSF6,PPI
UBC,CEP170B,PPI
KIAA0368,RCN2,PPI
YWHAE,RCN2,PPI
CFTR,RCN2,PPI
EGFR,RCN2,PPI
RCN2,ASB17,PPI
IRS4,RCN2,PPI
TP53,RCN2,PPI
SUMO1,BCLAF1,PPI
SUMO1,EIF3E,PPI
MAP3K5,TXN2,PPI
SUMO1,TRIM5,PPI
UBC,CDK12,PPI
SRSF10,UBC,PPI
DNTT,REL,PPI
CSDE1,PLOD2,PPI
RPL4,EEF1A1,PPI
SMNDC1,UBC,PPI
UBC,WASF1,PPI
VCAM1,FLNC,PPI
UBC,CMTM6,PPI
UBC,KCTD12,PPI
WWP2,CPSF6,PPI
CUL3,CPSF6,PPI
NONO,CPSF6,PPI
CSTF2,CPSF6,PPI
CPSF6,TCEA2,PPI
SAFB,CPSF6,PPI
CPSF6,TP63,PPI
EED,CPSF6,PPI
UBC,IFITM2,PPI
EEF1A1,TRAF3IP1,PPI
UBC,ARMC1,PPI
UBC,LPCAT4,PPI
UCHL1,UBC,PPI
PDGFB,SPARC,PPI
UBC,TSPYL5,PPI
UBC,MON2,PPI
UBC,DIDO1,PPI
ARRB1,ROCK1,PPI
NOTCH1,ROCK1,PPI
ROCK1,WASHC4,PPI
ROCK1,FAM124A,PPI
CDC25A,ROCK1,PPI
PFN2,ROCK1,PPI
U2SURP,SF3A2,PPI
HNRNPA1,ROCK1,PPI
UBC,ROCK1,PPI
ITSN2,ROCK1,PPI
REL,EIF3A,PPI
UBC,TMEM38B,PPI
UBC,WDR11,PPI
UBC,FLNC,PPI
SRSF10,USP39,PPI
TWIST1,HDAC2,PPI
TWIST1,BRAP,PPI
UBC,HEATR3,PPI
ZFC3H1,UBC,PPI
KBTBD7,NSMAF,PPI
UBXN7,KBTBD7,PPI
MAP3K11,TRIM5,PPI
TWIST1,TCF3,PPI
UBC,ZCCHC8,PPI
UBC,GOLGA7,PPI
RALGDS,RIT1,PPI
CNOT1,UBC,PPI
UBXN7,SDHAF2,PPI
UBXN7,UBE2D2,PPI
SSSCA1,UBXN7,PPI
UBXN7,ZRANB2,PPI
UBXN7,UCHL3,PPI
VPS26A,UBXN7,PPI
UBXN7,UFM1,PPI
UBXN7,SEC23A,PPI
SERINC1,SAMM50,PPI
UBC,DDX21,PPI
CEP85,SAV1,PPI
DPP8,UBXN7,PPI
UBC,SCAF11,PPI
OAT,UBC,PPI
SAT1,CCHCR1,PPI
AIFM1,CPOX,PPI
UBC,SRSF4,PPI
PLOD2,UBC,PPI
CUL4A,UBXN7,PPI
UBXN7,ELOC,PPI
PJA2,UBXN7,PPI
UBXN7,DCAF1,PPI
UBXN7,DDB1,PPI
UBXN7,BRWD1,PPI
UBC,ITPR2,PPI
ZNF292,UBC,PPI
UBC,TRIM5,PPI
PHYH,UBC,PPI
UBC,CPOX,PPI
ADRA2A,UCHL1,PPI
SUMO1,CPOX,PPI
SAV1,CEP131,PPI
CNTROB,SAV1,PPI
SAV1,NYNRIN,PPI
PTPN14,SAV1,PPI
PUM1,SAV1,PPI
RPL36A,SAV1,PPI
SEC16A,SAV1,PPI
SAV1,TNRC6B,PPI
TUBGCP2,SAV1,PPI
CSNK1E,SAV1,PPI
ANXA1,UBC,PPI
UBC,SMC5,PPI
UBC,TMX1,PPI
BCL6,TWIST1,PPI
YY1,TWIST1,PPI
YY2,TWIST1,PPI
ZIC3,TWIST1,PPI
UBC,EIF3E,PPI
SMNDC1,SF3B1,PPI
PRKAB2,FLNC,PPI
ATF2,TMX1,PPI
RPS3,CEP57,PPI
PRKAB2,REL,PPI
RPS3,EIF3E,PPI
H2AFY,DIDO1,PPI
SUZ12,BCLAF1,PPI
SUZ12,CPSF6,PPI
SUZ12,SAMM50,PPI
HSPA4L,TCEAL1,PPI
FBL,EEF1A1,PPI
UCHL1,PMAIP1,PPI
LRCH2,CRLF3,PPI
SASH1,UBC,PPI
RELA,TWIST1,PPI
UBC,LAPTM5,PPI
DHX29,PAPOLG,PPI
HNRNPA1,CPSF6,PPI
SUMO3,SMC5,PPI
KIAA2010,PPP4R2,PPI
NUCB1,REL,PPI
TUBG1,EEF1A1,PPI
HCLS1,TERF1,PPI
RAB7A,EEF1A1,PPI
OAT,ATF2,PPI
UBD,EIF3E,PPI
SAFB,TMOD2,PPI
NAP1L4,EIF3E,PPI
PLOD2,OS9,PPI
ENO1,FLNC,PPI
EIF3E,IGSF8,PPI
FLNC,IGSF8,PPI
PHYH,FKBP4,PPI
FLNC,SYNPO2,PPI
SIAH2,SETD2,PPI
PLOD2,XPO7,PPI
PLOD2,SF1,PPI
EIF3E,RPS18,PPI
PLOD2,USP15,PPI
PLOD2,SEC23A,PPI
CAMKK2,FLNC,PPI
KCND2,FLNC,PPI
STAU1,EIF3E,PPI
FLNC,RASSF5,PPI
PLSCR1,SLPI,PPI
EIF3L,EIF3E,PPI
EIF3E,NCOA3,PPI
EIF3E,FBXW7,PPI
SRF,REL,PPI
MAP3K11,EPS8,PPI
CNOT1,SIRT7,PPI
RFXAP,EPS8,PPI
U2SURP,SIRT7,PPI
SRSF10,MAGOH,PPI
MAGOH,EEF1A1,PPI
ANXA1,SIRT7,PPI
SCAF11,SIRT7,PPI
STAG2,SIRT7,PPI
ADNP,SIRT7,PPI
DIDO1,SIRT7,PPI
GDI1,SIRT7,PPI
OAT,SIRT7,PPI
ZCCHC8,SIRT7,PPI
SURF1,SAMM50,PPI
SOX2,EPS8,PPI
SOX2,SPEN,PPI
XRCC6,PLOD2,PPI
VCP,STAG2,PPI
CHMP6,METTL9,PPI
EFEMP1,ATN1,PPI
ATN1,KAT6A,PPI
SRSF10,TRA2A,PPI
SLC26A2,MGAT4B,PPI
PRKACA,WASF1,PPI
UBC,SLC26A2,PPI
PCNA,CBX1,PPI
SIRT1,PCNA,PPI
PCNA,DCLRE1A,PPI
PCNA,UBE2A,PPI
PCNA,CUL4B,PPI
PCNA,PPP1CC,PPI
PCNA,TFAP4,PPI
CUL3,PCNA,PPI
PCNA,CUL5,PPI
CUL1,PCNA,PPI
PCNA,SLX4,PPI
FOXO3,PCNA,PPI
PCNA,UBE2D3,PPI
POLA1,PCNA,PPI
PCNA,SNU13,PPI
PCNA,CHAF1B,PPI
PCNA,HSP90B1,PPI
RECQL5,PCNA,PPI
PCNA,MLH1,PPI
KIN,PCNA,PPI
PCNA,FBXO6,PPI
PCNA,GNPDA1,PPI
HEXA,PCNA,PPI
PCNA,PLAA,PPI
SGTA,PCNA,PPI
PCNA,USP5,PPI
PCNA,WARS,PPI
PCNA,XPNPEP1,PPI
PCNA,ASB8,PPI
PCNA,PARP10,PPI
PCNA,ZBTB1,PPI
PCNA,MAGED1,PPI
ISG15,PCNA,PPI
PCNA,TRIM25,PPI
PCNA,USP18,PPI
MCM7,PCNA,PPI
PCNA,TDG,PPI
SIVA1,PCNA,PPI
PCNA,FUS,PPI
PCNA,SUMO3,PPI
USP2,PCNA,PPI
PCNA,CCND3,PPI
PCNA,POLL,PPI
RFC3,PCNA,PPI
PCNA,RFC5,PPI
PCNA,OTUB1,PPI
PCNA,PCLAF,PPI
PCNA,CLSPN,PPI
AIRE,PCNA,PPI
EGFR,PCNA,PPI
MBD1,PCNA,PPI
PCNA,FAN1,PPI
PCNA,ATAD5,PPI
PCNA,FANCD2,PPI
PCNA,POLN,PPI
PCNA,L3MBTL1,PPI
PCNA,KAT5,PPI
PCNA,CDKN2A,PPI
PCNA,SPAG1,PPI
PFKM,PCNA,PPI
PCNA,TPI1,PPI
POLK,PCNA,PPI
PCNA,CDC25C,PPI
RPA3,PCNA,PPI
CDK4,PCNA,PPI
PCNA,UBE2B,PPI
PCNA,ABL1,PPI
RAD21,PCNA,PPI
PCNA,SMARCAD1,PPI
E2F3,PCNA,PPI
UBC,PCNA,PPI
PCNA,KDM5C,PPI
C8orf36,STAG2,PPI
C8orf36,SMC5,PPI
RPS24,PNISR,PPI
TRMT10C,CEP57,PPI
ZBTB5,PPARG,PPI
PTPN11,CBLB,PPI
GRB2,MAP4K5,PPI
HCK,MAP4K5,PPI
EPS8,MDC1,PPI
MDC1,CPSF6,PPI
CUL3,TMEM165,PPI
CUL3,SMNDC1,PPI
CUL3,ZCCHC8,PPI
CDK2,ANXA1,PPI
NCL,KCTD12,PPI
NCL,PLOD2,PPI
MED4,MED14,PPI
MED14,FBXW7,PPI
MED14,EPAS1,PPI
MED14,PPARG,PPI
MED19,MED14,PPI
MED14,MYC,PPI
SURB7,MED14,PPI
MED14,BRD4,PPI
HNRNPA1,RBM12,PPI
PARP1,MED14,PPI
MED14,MED12,PPI
MED14,MED18,PPI
MED14,STN1,PPI
MED14,VDR,PPI
MED14,MED17,PPI
MED14,ACTN2,PPI
MED14,NECAB2,PPI
MED14,MED10,PPI
MED14,UBC,PPI
PSMD1,RBM12,PPI
GRB2,EPS8,PPI
SMNDC1,SF3B5,PPI
U2AF1,ZCCHC8,PPI
RPLP1,TMEM165,PPI
PSMC5,ZCCHC8,PPI
CALU,TMEM165,PPI
TXNDC9,ZCCHC8,PPI
ZCCHC8,MICB,PPI
ANXA1,VCAM1,PPI
ANXA1,ANXA4,PPI
TUBB,EEF1A1,PPI
SRSF10,SNU13,PPI
WDR5,HCFC2,PPI
UBD,ANXA1,PPI
ANXA1,ATP4A,PPI
CLK2,ZCCHC8,PPI
YWHAB,ZCCHC8,PPI
ANXA1,ZBTB1,PPI
RPA3,ZCCHC8,PPI
EIF3E,DYNC1LI1,PPI
GABPA,KCTD12,PPI
CNOT1,PPP6R1,PPI
RPL38,CEP57,PPI
SUMO2,RBM12,PPI
KAT6A,MEAF6,PPI
HIST1H3F,KAT6A,PPI
KMT2A,KAT6A,PPI
CEP57,FAM96B,PPI
ANXA1,SUMO3,PPI
UBXN7,ALPP,PPI
CYP2E1,AMFR,PPI
NFIA,DDX21,PPI
PSMD12,EIF3E,PPI
PLSCR1,EXD3,PPI
NFIA,ADNP,PPI
RPS17,CEP57,PPI
CSN3,EIF3E,PPI
SLC35A2,PLSCR1,PPI
ZNF638,PLSCR1,PPI
PLSCR1,PML,PPI
RGS3,PLSCR1,PPI
PLSCR1,EWSR1,PPI
PLSCR1,DAZAP2,PPI
VDAC1,MRPL58,PPI
GNAI2,PLSCR1,PPI
PLSCR1,HOXA1,PPI
PLSCR1,SHC1,PPI
PLSCR1,OGDH,PPI
UCHL1,TERF2IP,PPI
UCHL1,HSPA8,PPI
UCHL1,TRIM63,PPI
UBC,SNX11,PPI
CDK4,UCHL1,PPI
RNF2,BCLAF1,PPI
REL,KLHL40,PPI
PRKN,UCHL1,PPI
UCHL1,USP21,PPI
UCHL1,CDKN2A,PPI
OBFC2B,EEF1A1,PPI
ANXA1,USPL1,PPI
ITSN2,MAP4K3,PPI
ANXA1,SUMO2,PPI
PCNA,KMT5A,PPI
COX5A,HNRNPA0,PPI
SMC5,RABL2A,PPI
SF3B3,TMOD2,PPI
NAPA,DHX29,PPI
FLOT1,MAN2A1,PPI
PPP2R2D,ZCCHC8,PPI
CD4,ANXA1,PPI
ANXA1,UBE3A,PPI
PCDH17,ZP3,PPI
ANXA1,UBE2I,PPI
EEF1A1,RPL24,PPI
ANXA1,CSAD,PPI
EEF1A1,BBS4,PPI
OAT,EIF6,PPI
SNTB2,SAV1,PPI
ANXA1,ANXA5,PPI
PSMD3,FLNC,PPI
TBC1D4,CEP57,PPI
AKT1,UCHL1,PPI
DDX21,RRP7A,PPI
ZCCHC8,ZC3H15,PPI
PLOD2,TERF1,PPI
TRA2B,PPP4R2,PPI
SRSF10,TRA2B,PPI
HUWE1,EIF3E,PPI
DHX15,CEP57,PPI
SAV1,RASSF1,PPI
CUL3,SAV1,PPI
GAPDH,EEF1A1,PPI
ANXA1,ATF2,PPI
SSBP1,SAMM50,PPI
TPP1,HNRNPH1,PPI
LRRC14,COPS3,PPI
DPF2,REL,PPI
SSBP1,EEF1A1,PPI
UBXN7,KLHL12,PPI
SRPK2,RIT1,PPI
ZFC3H1,KHDRBS2,PPI
UTP20,ZBTB7A,PPI
UBXN7,TTLL12,PPI
VCAM1,DRG1,PPI
ZBTB7A,SOX2,PPI
SNTB1,SAV1,PPI
FUBP3,SAV1,PPI
ZBTB7A,ZBTB48,PPI
ZBTB7A,SOX9,PPI
SKIL,DRG1,PPI
SAV1,ALG13,PPI
ATP5C1,SAV1,PPI
HDAC6,SAV1,PPI
KIF7,SAV1,PPI
KIF1BP,SAV1,PPI
REL,OSGIN1,PPI
REL,TRAPPC2L,PPI
IRS4,SAV1,PPI
UTRN,SAV1,PPI
YWHAE,SAV1,PPI
DEDD,CASP10,PPI
HSP90AA1,CEP57,PPI
ZBTB7A,HDAC2,PPI
HDAC3,ZBTB7A,PPI
ZBTB7A,SP1,PPI
LRRC14,COPS6,PPI
COPS5,LRRC14,PPI
NCOR1,ZBTB7A,PPI
SUMO1,DRG1,PPI
RPL22,CEP57,PPI
ZFC3H1,ZDHHC17,PPI
DDX21,SIRT7,PPI
RPS15A,EEF1A1,PPI
FLNC,SIRT7,PPI
UBXN7,BIRC2,PPI
HCFC1,HCFC2,PPI
SPEN,SIRT7,PPI
RPS15A,CEP57,PPI
RANBP9,EEF1A1,PPI
TPM1,PPP4R2,PPI
UBXN7,SKP1,PPI
EIF3E,SIRT7,PPI
CCT3,PPP4R2,PPI
PSMA1,PPP4R2,PPI
HSPA1L,CEP57,PPI
TXNL1,FLNC,PPI
CUL3,FLNC,PPI
PCM1,SAV1,PPI
PCNA,RAD18,PPI
GRWD1,CEP57,PPI
XRCC6,EPS8,PPI
VCP,BCLAF1,PPI
ABL1,WASF1,PPI
RPS6,EEF1A1,PPI
MST065,SAMM50,PPI
CEP57,LY6G5B,PPI
IGBP1,RBM12,PPI
RBM12,SDHAF2,PPI
PLBD2,RBM12,PPI
VDAC1,ACAD9,PPI
SERTAD1,SPEN,PPI
KRTAP10-3,CLK4,PPI
TP53,PCNA,PPI
PRKN,PCNA,PPI
PCNA,CUL2,PPI
PCNA,TNFAIP1,PPI
KCTD10,PCNA,PPI
PCNA,SHPRH,PPI
PCNA,LAMP2,PPI
HSPC142,PCNA,PPI
RNF8,PCNA,PPI
PCNA,ATF2,PPI
PCNA,ERCC8,PPI
PCNA,AID,PPI
HDAC6,PCNA,PPI
PTMA,PCNA,PPI
UBD,PCNA,PPI
CALU,PCNA,PPI
DHX15,PCNA,PPI
PCNA,H2AFV,PPI
PCNA,HK1-tb,PPI
PCNA,PDCD10,PPI
RAD23A,PCNA,PPI
PCNA,USP10,PPI
PCNA,FBXO18,PPI
PCNA,MCM4,PPI
PCNA,SUMO2,PPI
PCNA,CHFR,PPI
PCNA,USP4,PPI
GADD45A,PCNA,PPI
PCNA,MCL1,PPI
PCNA,RUVBL2,PPI
PCNA,TIMELESS,PPI
PCNA,DDB1,PPI
CUL4A,PCNA,PPI
PCNA,DMAP1,PPI
PCNA,ELP3,PPI
PCNA,DDX11,PPI
MGMT,PCNA,PPI
CHEK1,PCNA,PPI
PCNA,FANCA,PPI
PCNA,CCL2,PPI
PCNA,SETMAR,PPI
PCNA,WDR48,PPI
USP1,PCNA,PPI
PCNA,MAPK15,PPI
PCNA,MDM2,PPI
PCNA,RYK,PPI
PCNA,XRCC1,PPI
MME,PCNA,PPI
PCNA,HDAC5,PPI
ANXA2,PCNA,PPI
PCNA,GCK,PPI
GPI,PCNA,PPI
ENO1,PCNA,PPI
LDHA,PCNA,PPI
PCNA,CDK5,PPI
TOP1,PCNA,PPI
PCNA,RFC1,PPI
HUWE1,PCNA,PPI
SUMO1,PCNA,PPI
EEF1A1,TRAP1,PPI
TIPRL,PPP4R2,PPI
UBC,ADAMTS1,PPI
EIF5A,REL,PPI
SUMO3,RBM12,PPI
RAB3GAP2,RBM12,PPI
RBM12,GNE,PPI
UBE4B,RBM12,PPI
HSPH1,PLOD2,PPI
IFT20,WASF1,PPI
U2AF2,CPSF6,PPI
CUL4A,SCAF11,PPI
RNF2,LIMA1,PPI
BMI1,SCAF11,PPI
HCLS1,GRB2,PPI
HCLS1,ZBTB25,PPI
CUL2,LRRC14,PPI
RBX1,LRRC14,PPI
LRRC14,COPS4,PPI
LRRC14,ELOB,PPI
LRRC14,ELOC,PPI
SON,DIDO1,PPI
THRAP1,MED14,PPI
MED14,MED8,PPI
MED14,MED11,PPI
MED14,PPP6R1,PPI
MED14,CDK19,PPI
MED14,HECW2,PPI
PPARGC1A,MED14,PPI
MED14,MED6,PPI
NR2A1,MED14,PPI
MED14,ESR2,PPI
MED14,GATA1,PPI
EEF1A1,MYSM1,PPI
MED14,TRRAP,PPI
MED14,ZC3H13,PPI
MED14,QKI,PPI
MED7,MED14,PPI
MED14,MED24,PPI
MED14,DCTN1,PPI
MED14,SREBF1,PPI
CTDP1,MED14,PPI
SSBP1,CEP57,PPI
U2AF2,ZCCHC8,PPI
UBC,LRRC14,PPI
UCHL1,LAMP2,PPI
DDX21,IVNS1ABP,PPI
PML,KAT6A,PPI
CAPN3,FLNC,PPI
TP53,KAT6A,PPI
RUNX1,KAT6A,PPI
CDK2,FLNC,PPI
ALDH7A1,EPS8,PPI
BTK,CBLB,PPI
PSMD12,FLNC,PPI
SDHA,SAMM50,PPI
SFPQ,DDX21,PPI
OAT,MRPL58,PPI
RANBP2,EIF3E,PPI
TRIM21,TRIM5,PPI
FTH1,CEP57,PPI
STAG2,SRRM2,PPI
DCTN1,FLNC,PPI
MOGS,CEP57,PPI
YWHAB,LIMA1,PPI
UPF1,TMX1,PPI
PSMA3,EEF1A1,PPI
CDK12,SRRM2,PPI
EEF1A1,SRRM2,PPI
PPP4R2,SRRM2,PPI
NPLOC4,UBXN7,PPI
UBXN7,UBE2B,PPI
HSPA4,KAT6A,PPI
PRKCG,TRIM5,PPI
SNU13,STAG2,PPI
RPS19,EEF1A1,PPI
HCLS1,MAP4K1,PPI
FLNC,ARFGEF2,PPI
MAGEA2,CEP57,PPI
EIF3E,USP20,PPI
FLNC,NCAPD2,PPI
EIF3E,PSMC6,PPI
TXN2,SHARPIN,PPI
FOXO4,REL,PPI
PLOD2,GART,PPI
HNMT,TERF1,PPI
SOCS3,REL,PPI
CENPX,REL,PPI
CLN3,SAMM50,PPI
U2SURP,RPA2,PPI
DEDD,APP,PPI
CFLAR,DEDD,PPI
SRSF10,CAND1,PPI
CAND1,BCLAF1,PPI
PLOD2,SAMHD1,PPI
BCLAF1,ZBTB1,PPI
LRRC47,PPP4R2,PPI
NPM1,FLNC,PPI
CMTM6,DUSP10,PPI
PLSCR1,GDPD5,PPI
HOXB6,TCEAL1,PPI
FLNC,DDB1,PPI
PPP1R12B,HSPA8,PPI
RPL23,CEP57,PPI
DDB1,CEP57,PPI
CHD1,HIST3H3,PPI
RSL1D1,DDX21,PPI
CHD1,BCLAF1,PPI
CPSF6,NUP88,PPI
SNRPA,EEF1A1,PPI
CHD1,CEBPA,PPI
TPP1,USP7,PPI
FLNC,NUP88,PPI
ARRB2,EEF1A1,PPI
TXNL1,EEF1A1,PPI
CUL4A,EEF1A1,PPI
EEF1A1,CUL5,PPI
EEF1A1,CUL2,PPI
CDK2,EEF1A1,PPI
HSP90AA1,EEF1A1,PPI
SHBG,EEF1A1,PPI
RPL30,EEF1A1,PPI
RPL9P7,EEF1A1,PPI
RPL31,EEF1A1,PPI
RPS24,EEF1A1,PPI
EEF1B2,EEF1A1,PPI
EEF1A1,EFTUD2,PPI
EEF1A1,PUF60,PPI
HNRPDL,EEF1A1,PPI
EEF1A1,PCBP2,PPI
EEF1A1,RBM4,PPI
MRPS7,EEF1A1,PPI
PSMB4,EEF1A1,PPI
EEF1A1,SUPT16H,PPI
ENO3,EEF1A1,PPI
UBD,EEF1A1,PPI
VCAM1,EEF1A1,PPI
UBL4A,EEF1A1,PPI
EEF1A1,AID,PPI
STAT6,EEF1A1,PPI
EEF1A1,PFKP,PPI
RPA3,EEF1A1,PPI
ALPL,EEF1A1,PPI
TP53,EEF1A1,PPI
EEF1A1,TUBGCP2,PPI
ISG15,EEF1A1,PPI
KIF1B,EEF1A1,PPI
EEF1A1,ITSN1,PPI
POLE2,EEF1A1,PPI
PQBP1,EEF1A1,PPI
FAS,EEF1A1,PPI
NR4A1,EEF1A1,PPI
EEF1A1,KMT5C,PPI
AGO3,EEF1A1,PPI
MME,EEF1A1,PPI
EEF1A1,NEDD8,PPI
CASP2,EEF1A1,PPI
SNCA,EEF1A1,PPI
DIABLO,EEF1A1,PPI
KRAS,EEF1A1,PPI
ITGB1BP1,EEF1A1,PPI
GADD45A,EEF1A1,PPI
HSPC152,SRSF10,PPI
FLNC,TRIM54,PPI
EPHB6,REL,PPI
NEK9,NSMAF,PPI
NSMAF,MAP1LC3A,PPI
TRIP10,WASF1,PPI
NEDD4,CPSF6,PPI
EGFR,C6orf120,PPI
MINOS1,SAMM50,PPI
HIST1H4L,CEP57,PPI
SNRPD1,EEF1A1,PPI
TNIP2,TNFAIP3,PPI
TNFAIP3,SHARPIN,PPI
TNFRSF10B,TNFAIP3,PPI
RNF5,TNFAIP3,PPI
AXIN1,TNFAIP3,PPI
TNFAIP3,GIT2,PPI
TNFAIP3,BIRC3,PPI
TNFAIP3,CASP8,PPI
ALDH9A1,TNFAIP3,PPI
TNFAIP3,FBXO3,PPI
TNFAIP3,TBK1,PPI
TNFAIP3,PPP6R3,PPI
TNFAIP3,LRRC47,PPI
TNFAIP3,RARRES3,PPI
YWHAZ,TNFAIP3,PPI
IRAK2,TNFAIP3,PPI
CDK2,IFITM2,PPI
NUP54,SPEN,PPI
ZBTB5,JADE2,PPI
SHC1,EPS8,PPI
TMX1,NDUFB11,PPI
RPS4X,EEF1A1,PPI
TXNDC9,WASF1,PPI
FLNC,USP53,PPI
KMT2A,HCFC2,PPI
-,SAT1,PPI
TNFAIP3,RNF31,PPI
TNFAIP3,TNFSF10,PPI
TNFAIP3,UBE2N,PPI
TNFAIP3,TRIM2,PPI
TNFAIP3,RNF14,PPI
TNFAIP3,RLIM,PPI
TRIM3,TNFAIP3,PPI
TNFAIP3,TRIM8,PPI
TNFAIP3,TRIM5,PPI
HSP90AA1,TNFAIP3,PPI
TNFAIP3,NFKB2,PPI
TNFAIP3,BIRC2,PPI
TP53,TNFAIP3,PPI
OCLN,TNFAIP3,PPI
TNFAIP3,YWHAQ,PPI
TNFAIP3,RNF114,PPI
UBE2D1,TNFAIP3,PPI
TNFAIP3,TNIP1,PPI
TNFAIP3,TRAF1,PPI
LAMP1,TNFAIP3,PPI
TNFAIP3,GLDC,PPI
TNFAIP3,KIF11,PPI
TNFAIP3,MCM6,PPI
NDUFS1,TNFAIP3,PPI
RNH1,TNFAIP3,PPI
BECN1,TNFAIP3,PPI
TNFAIP3,IRAK1,PPI
TNFAIP3,IRF7,PPI
TNF,TNFAIP3,PPI
TNFRSF1A,TNFAIP3,PPI
TNFAIP3,FADD,PPI
TNFAIP3,MAP3K5,PPI
HNMT,POT1,PPI
PLSCR1,ADCY7,PPI
MUS81,FBXL5,PPI
PLK1,MUS81,PPI
RPS4X,CEP57,PPI
TERF2,DDX21,PPI
PLOD2,TERF2,PPI
UBE2D3,TRIM5,PPI
SUMO1,SMC5,PPI
SGTA,SMC5,PPI
TERF2,MUS81,PPI
MUS81,SLX1B,PPI
TP53,SAT1,PPI
SUMO2,MUS81,PPI
TPP1,POT1,PPI
H3F3C,KAT6A,PPI
RPSA,EEF1A1,PPI
MON2,GGA3,PPI
MON2,MMS19,PPI
PAN2,BCLAF1,PPI
SRPK2,BCLAF1,PPI
CEP57,PRPF19,PPI
SRRM1,BCLAF1,PPI
CBLB,TICAM1,PPI
ZWINT,TRIM5,PPI
MTPN,REL,PPI
ZPR1,UBXN7,PPI
UBE2C,UBXN7,PPI
UBXN7,APP,PPI
UBXN7,UBE2V1,PPI
UBE2V2,UBXN7,PPI
UBE2D1,UBXN7,PPI
UBXN7,ZFYVE19,PPI
UBXN7,ATP6V1F,PPI
UBXN7,USP34,PPI
UBXN7,UFC1,PPI
UBXN7,SULT1A1,PPI
UBXN7,UBE4B,PPI
UBXN7,RAD23B,PPI
UBXN7,DKFZp451O0517,PPI
UBXN7,NSUN2,PPI
UBXN7,LZTFL1,PPI
REL,CCNJL,PPI
LYN,HCLS1,PPI
UBXN7,KLHL22,PPI
ITSN2,CPSF6,PPI
UBXN7,TOPORS,PPI
UBXN7,PSMD2,PPI
UBXN7,ELOB,PPI
UBXN7,WDR26,PPI
UBXN7,KLHL13,PPI
UBXN7,CUL4B,PPI
UBXN7,KBTBD2,PPI
UBXN7,SUMO2,PPI
UBXN7,AMFR,PPI
EEF1A1,AMFR,PPI
NEDD4,LAPTM5,PPI
NEDD4,MAP4K5,PPI
RPS8,EEF1A1,PPI
CBX8,BCLAF1,PPI
MON2,PAAF1,PPI
SRSF10,NFIA,PPI
HIST1H2BO,GDI1,PPI
ALDH9A1,GDI1,PPI
ASL,GDI1,PPI
GDI1,NEDD8,PPI
PLOD2,UGP2,PPI
ICAM1,EIF3E,PPI
SUZ12,LIMA1,PPI
SRSF10,SUZ12,PPI
SUMO3,BCLAF1,PPI
SUMO3,EEF1A1,PPI
GDI1,SUMO3,PPI
ZNF12,SUMO3,PPI
SUZ12,CEP57,PPI
ANXA1,CUL5,PPI
APP,ZCCHC8,PPI
ZCCHC8,THOC6,PPI
PSMA1,ZCCHC8,PPI
ZCCHC8,PSMD13,PPI
PSMC4,ZCCHC8,PPI
UBXN7,NUBP2,PPI
GDI1,RAB1A,PPI
ANXA1,HMGA1,PPI
PPP4R2,NUBP2,PPI
ANXA1,WWOX,PPI
MEIS2,ANXA1,PPI
PCMT1,GDI1,PPI
ZCCHC8,RNF2,PPI
BMI1,ZCCHC8,PPI
PPM1B,ANXA1,PPI
ANXA1,ATG4B,PPI
GRB2,MAP4K3,PPI
SMNDC1,HIST3H3,PPI
PPP2R2B,ZCCHC8,PPI
APBB1,ANXA1,PPI
ANXA1,CCT7,PPI
UBE2D1,ANXA1,PPI
ARRB1,BCLAF1,PPI
OAT,DMWD,PPI
COPS5,DHX29,PPI
COPS5,EEF1A1,PPI
COPS5,U2SURP,PPI
VARS,EEF1A1,PPI
DIDO1,PCDHA2,PPI
PLSCR1,APP,PPI
PLSCR1,FBLN1,PPI
PLSCR1,RBL1,PPI
PLSCR1,ARNT2,PPI
PLSCR1,KRTAP10-3,PPI
PLSCR1,EGFR,PPI
PLSCR1,RASD1,PPI
PLSCR1,SF1,PPI
PLSCR1,NEU4,PPI
PLSCR1,IP6K2,PPI
PLOD2,RPL24,PPI
PLOD2,PACSIN2,PPI
BARD1,DRG1,PPI
BARD1,BCLAF1,PPI
CPSF6,BARD1,PPI
SRSF10,BARD1,PPI
SF3A2,PNN,PPI
SAP18,PNN,PPI
HNRNPA1,PNN,PPI
CPEB4,SAV1,PPI
CDK2,PNN,PPI
CDK2,EIF3E,PPI
APP,TMOD2,PPI
UCHL1,CDK6,PPI
SRPK1,BCLAF1,PPI
UCHL1,SMN1,PPI
SMN1,SMC5,PPI
EEF1A1,SMN1,PPI
PPP1R12B,IL16,PPI
LIG4,EEF1A1,PPI
RGS2,EIF3E,PPI
CASP7,ROCK1,PPI
ROCK1,MON2,PPI
ROCK1,WASHC2A,PPI
MAGEB4,ROCK1,PPI
POLR3C,ROCK1,PPI
ROCK1,CFAP206,PPI
ROCK1,GAB1,PPI
CFL1,ROCK1,PPI
LIMK2,ROCK1,PPI
CEP192,ZBTB10,PPI
PAN2,TMOD2,PPI
NPM1,EIF3E,PPI
EIF3CL,EIF3E,PPI
PLOD2,NARS,PPI
PLOD2,GANAB,PPI
MAGOH,PNN,PPI
BARD1,PNN,PPI
CSNK2A1,PNN,PPI
PCLAF,PNN,PPI
CLK2,PNN,PPI
SRPK1,PNN,PPI
SUMO3,PNN,PPI
PPCDC,TXN2,PPI
MAP3K7CL,REL,PPI
WWP2,DIDO1,PPI
CDK2,OAT,PPI
OAT,CTSA,PPI
OAT,SUMO2,PPI
STAU1,OAT,PPI
RNPC2,PNN,PPI
OAT,HDAC5,PPI
PLSCR1,PHLDA1,PPI
ZNF292,ALB,PPI
SAT1,HIF1A,PPI
SRRM1,PNN,PPI
RTCA,DDX21,PPI
UBC,PNN,PPI
KEAP1,MCMBP,PPI
UBD,STAG2,PPI
STAG2,HDAC8,PPI
SULT2A1,TMX1,PPI
SULT2A1,PRDX4,PPI
DIDO1,WWOX,PPI
SRRM1,STAG2,PPI
PDS5A,STAG2,PPI
TRIM6,TRIM5,PPI
PLOD2,HNRNPA1,PPI
RPL17-C18orf32,EEF1A1,PPI
LMO1,REL,PPI
SEM1,EEF1A1,PPI
EPS8,CTNNA3,PPI
YBX1,EEF1A1,PPI
ANXA1,SLX1B,PPI
TK1,SMC5,PPI
GDI1,CUL5,PPI
HCLS1,QKI,PPI
COX5B,COX5A,PPI
TRIM27,EIF3E,PPI
REL,SNRNP25,PPI
NUP160,NUP43,PPI
KRTAP10-8,CLK4,PPI
PLSCR1,CCER1,PPI
CEBPZ,SIRT7,PPI
REL,PTK6,PPI
EED,CEBPZ,PPI
CEBPZ,RNF2,PPI
EGFR,CEBPZ,PPI
SOX2,ZBTB10,PPI
ZBTB5,SOX2,PPI
SOX2,ZCCHC8,PPI
U2SURP,CTNNBL1,PPI
TP53,CEBPZ,PPI
TP73,CEBPZ,PPI
FHIT,REL,PPI
FTL,CEP57,PPI
NR2B3,CEBPZ,PPI
STAT6,CEBPZ,PPI
CEBPZ,LZTR1,PPI
CCDC6,PPP4R2,PPI
HMOX2,CEBPZ,PPI
CEBPZ,UBE3A,PPI
PRKRA,CEBPZ,PPI
UBC,CEBPZ,PPI
HECW2,DRG1,PPI
POLR2C,EIF3E,PPI
PLSCR1,ATN1,PPI
UBXN7,RBX1,PPI
ZBTB5,SUMO2,PPI
SUMO2,CDK12,PPI
RAB8A,COX5A,PPI
UBE2L6,SPEN,PPI
EPS8,ZZZ3,PPI
KIRREL,SAV1,PPI
NOTCH2,SPEN,PPI
PCBP3,SPEN,PPI
REL,EIF5A2,PPI
CNOT1,NANOS2,PPI
EED,SPEN,PPI
BMI1,SPEN,PPI
KIAA0753,SAV1,PPI
NCOR1,SPEN,PPI
RPS9,EIF3E,PPI
RUNX1,SPEN,PPI
RBPJ,SPEN,PPI
RUNX1T1,SPEN,PPI
UCHL1,TNFRSF1A,PPI
PLSCR1,CDC42EP1,PPI
NUP107,CPSF6,PPI
SRSF10,EPRS,PPI
PLOD2,FAF1,PPI
SUMO1,TPP1,PPI
EIF3E,GPRASP2,PPI
JMJD6,NAA50,PPI
NUP107,NUP43,PPI
FXR2,CPSF6,PPI
PABPC1,EEF1A1,PPI
DYNC1H1,FLNC,PPI
RPS7,CEP57,PPI
SUPT6H,CEP57,PPI
GABARAPL1,NSMAF,PPI
BAG3,BCLAF1,PPI
PLOD2,TPP2,PPI
PSMC2,TRIM5,PPI
PSMC2,ZCCHC8,PPI
BAG3,TIMP2,PPI
PSMA7,TIMP2,PPI
FAS,TMX1,PPI
MGMT,CDK12,PPI
MGMT,ANXA1,PPI
RPL8,TXN2,PPI
CD79A,HCLS1,PPI
UNK,SAV1,PPI
RPA3,LIMA1,PPI
RPA3,DIDO1,PPI
RPS23,EEF1A1,PPI
RPS23,SAMM50,PPI
REL,EIF4EBP1,PPI
RPS23,CEP57,PPI
RAB24,GDI1,PPI
BAG3,LAPTM5,PPI
IPPK,CDK12,PPI
RPS26,TMEM165,PPI
HNRNPK,EEF1A1,PPI
FHL2,REL,PPI
U2AF1,DIDO1,PPI
CNOT1,EPAS1,PPI
CNOT1,RNF219,PPI
EIF3E,COPS2,PPI
REL,TMEM268,PPI
REL,ARNT2,PPI
CEP57,CCDC8,PPI
LASP1,REL,PPI
CNOT1,CCDC8,PPI
CPSF6,CCDC8,PPI
CCDC8,DRG1,PPI
EEF1A1,CCDC8,PPI
RIT1,ASB4,PPI
TERF1,DDX21,PPI
KRT18,CNOT1,PPI
PPP4C,EEF1A1,PPI
FBLN5,CEP57,PPI
CUL4A,DDX21,PPI
CNOT1,GTF2A1,PPI
GRK5,DDX21,PPI
RPS24,DDX21,PPI
RPL6,DDX21,PPI
PDS5A,DDX21,PPI
MYO1C,DDX21,PPI
SAP18,DDX21,PPI
RNPS1,DDX21,PPI
SON,DDX21,PPI
SFRS5,DDX21,PPI
RNPC2,DDX21,PPI
DDX21,SUPT16H,PPI
NOP2,DDX21,PPI
DDX21,PCDHA2,PPI
LAMP2,DDX21,PPI
LMNB1,DDX21,PPI
YWHAE,DDX21,PPI
APTX,DDX21,PPI
H2AFX,DDX21,PPI
VCAM1,DDX21,PPI
AID,DDX21,PPI
CSNK2A1,DDX21,PPI
WAS,CBLB,PPI
CEP57,ATAD3A,PPI
DDX21,SRPK3,PPI
ERG,DDX21,PPI
DDX21,WWOX,PPI
SUMO3,DDX21,PPI
USP5,TRIM5,PPI
STAU1,DDX21,PPI
KPNA3,DDX21,PPI
EED,DDX21,PPI
UBE2I,DDX21,PPI
CRLF3,MOB1A,PPI
SAV1,MOB1A,PPI
CTNNBL1,DDX21,PPI
SRRM1,DDX21,PPI
NPM1,DDX21,PPI
ANXA1,S100A11,PPI
ASXL2,HECW2,PPI
PLOD2,ITGB1BP2,PPI
RPL30,CEP57,PPI
HNRNPK,CBLB,PPI
CRLF3,DOCK8,PPI
IRS4,CEP57,PPI
CRLF3,LRCH3,PPI
LRCH3,LIMA1,PPI
CNOT1,POLR1C,PPI
PRDX4,SIRT7,PPI
PRDX4,CUL2,PPI
CENPU,CENPL,PPI
UBL4A,PRDX4,PPI
NPM1,PRDX4,PPI
PRDX4,PLG,PPI
PRDX4,ALG12,PPI
A1BG,PRDX4,PPI
PRDX3,PRDX4,PPI
PRDX4,TLN1,PPI
MDM2,PRDX4,PPI
PRDX4,NEDD8,PPI
TPP1,EGFR,PPI
EGFR,MON2,PPI
REL,ACTN3,PPI
BMI1,PRDX4,PPI
TERF1,PRDX4,PPI
H2AFX,PRDX4,PPI
PRDX4,MRPL58,PPI
PRDX4,HDAC5,PPI
EGFR,SAMM50,PPI
EIF4G1,CENPU,PPI
CENPU,SPTBN4,PPI
EGFR,BCLAF1,PPI
SUMO2,PRDX4,PPI
UBC,PRDX4,PPI
CENPU,CENPH,PPI
CENPU,CENPT,PPI
CENPU,CENPQ,PPI
CENPP,CENPU,PPI
PLA2G2A,UCHL1,PPI
EIF3E,TRIM55,PPI
TPP1,DNAJA1,PPI
SRSF10,ZNF687,PPI
TDO2,REL,PPI
PLSCR1,LONRF1,PPI
REL,TSSK3,PPI
PSMB6,ZCCHC8,PPI
OTUD6A,TRIM5,PPI
CNOT1,RQCD1,PPI
RPL7,TMX1,PPI
CUL4A,NUP43,PPI
MED26,ICE1,PPI
EAF1,ICE1,PPI
ELL,ICE1,PPI
SUMO1,NUP43,PPI
UBC,ICE1,PPI
ZNF606,CDK12,PPI
TRMT1,THUMPD2,PPI
SUMO3,NUP43,PPI
NUP43,NUP85,PPI
SUMO3,THUMPD2,PPI
ANXA1,USP25,PPI
USPL1,ICE1,PPI
UBC,NUP43,PPI
UBC,THUMPD2,PPI
CSNK2B,EPS8,PPI
CBL,EEF1A1,PPI
SAT1,APLP1,PPI
CENPU,UPF2,PPI
SRSF10,NCSTN,PPI
CEP290,CEP57,PPI
U2SURP,PRPF40A,PPI
PRPF40A,ZCCHC8,PPI
PRPF40A,ASXL2,PPI
EIF3S1,EIF3E,PPI
PTGER3,REL,PPI
REL,DGCR6,PPI
DHPS,REL,PPI
REL,FLNA,PPI
POLE2,REL,PPI
GRB2,REL,PPI
REL,NEDD9,PPI
RNPC2,REL,PPI
MEMO1,REL,PPI
REL,DAAM2,PPI
ACF,REL,PPI
REL,GLYCTK,PPI
REL,RASSF5,PPI
REL,C11orf68,PPI
RPL21,EEF1A1,PPI
RPS2,EEF1A1,PPI
PHF3,MAPK3,PPI
CDK2,REL,PPI
BMI1,PHF3,PPI
RPS18,CEP57,PPI
REL,COL20A1,PPI
CD81,EEF1A1,PPI
CD81,EIF3E,PPI
SAT1,NIF3L1,PPI
EEF1A1,RUVBL2,PPI
EEF1A1,RBM3,PPI
HCLS1,LZTR1,PPI
HRSP12,SPEN,PPI
UBQLN1,SPARC,PPI
LZTR1,TRIM5,PPI
TXNDC17,USP3,PPI
CNOT1,PEX14,PPI
HIST1H2AE,USP3,PPI
EIF4G1,USP3,PPI
LRP1,USP3,PPI
EIF3A,USP3,PPI
EIF3S8,USP3,PPI
EIF3F,USP3,PPI
EIF3G,USP3,PPI
EIF3H,USP3,PPI
NXN,USP3,PPI
UBC,USP3,PPI
EPS8,PROSER2,PPI
LYN,TMX1,PPI
UBB,TRIM5,PPI
CDK12,VPS51,PPI
CNOT1,CNOT4,PPI
NEDD8,BCLAF1,PPI
UBE2I,DRG1,PPI
PTPN12,WASF1,PPI
PLOD2,PTPN12,PPI
SLC38A2,COX5A,PPI
STRN,CPSF6,PPI
PCNA,ZRANB3,PPI
ZNF440,MAP4K5,PPI
CTNNB1,UCHL1,PPI
UBXN7,ATP6V1B2,PPI
TRIM24,CDK12,PPI
HDAC11,BCLAF1,PPI
UBXN7,KLHDC3,PPI
HDAC6,CEP57,PPI
CEACAM1,CEP57,PPI
RPL37A,DDX21,PPI
SNRP70,TXN2,PPI
CUL3,ZBTB10,PPI
SASH1,IRAK1,PPI
NOTCH1,WDR11,PPI
PPP1CC,GOLGA7,PPI
FOXM1,DHX29,PPI
KAT7,SAT1,PPI
SASH1,SKIL,PPI
LPL,LMF1,PPI
UBXN7,WDR11,PPI
SASH1,SUV39H2,PPI
SDCBP,REL,PPI
UBXN7,UBR5,PPI
RFC5,EEF1A1,PPI
EGFR,OAT,PPI
EGFR,LIMA1,PPI
EEF1A1,PCDHA4,PPI
TARDBP,DDX21,PPI
TARDBP,U2SURP,PPI
SYK,CBLB,PPI
EEF1A1,TP63,PPI
EEF1A1,MAPK14,PPI
HTRA2,EEF1A1,PPI
PPP1R12B,PAN2,PPI
OSBP,KCTD12,PPI
ITPR2,CCDC8,PPI
CCDC8,LIMA1,PPI
CLK1,BCLAF1,PPI
APP,LPL,PPI
UQCRH,EEF1A1,PPI
INPPL1,EEF1A1,PPI
FGR,HCLS1,PPI
INPPL1,PPP4R2,PPI
LPL,PLK1,PPI
INPPL1,FLNC,PPI
VASP,PPP4R2,PPI
EEF1A1,RBBP8,PPI
ZFC3H1,VPS72,PPI
EGFR,EEF1A1,PPI
POLR2H,CEP57,PPI
NPM1,EEF1A1,PPI
EEF1A1,IMMT,PPI
ZBTB5,DCX,PPI
TMPRSS3,EEF1A1,PPI
MME,CPSF6,PPI
CDC25A,EEF1A1,PPI
PFN2,EEF1A1,PPI
CUL3,PRDX4,PPI
ZNF593,PRDX4,PPI
CENPU,CENPI,PPI
CENPU,CENPN,PPI
CENPU,CENPM,PPI
MLF1,CENPU,PPI
PAXIP1,CENPU,PPI
PLK2,CENPU,PPI
CENPU,PLK3,PPI
CLIC1,PRDX4,PPI
CYP27A1,PRDX4,PPI
CFHR1,PRDX4,PPI
MT-CO1,PRDX4,PPI
PRDX2,PRDX4,PPI
CFHR3,PRDX4,PPI
PRDX4,RCHY1,PPI
TBXA2R,PRDX4,PPI
TUBG1,PRDX4,PPI
SUMO1,PRDX4,PPI
CSNK1E,PRDX4,PPI
HUWE1,PRDX4,PPI
EED,PRDX4,PPI
BMI1,BCLAF1,PPI
BMI1,LIMA1,PPI
BMI1,DIDO1,PPI
SNRPD2,CRLF3,PPI
PRDX4,TERF2,PPI
CENPU,GIT1,PPI
NR4A1,PRDX4,PPI
UBC,CENPU,PPI
CENPA,CENPU,PPI
SUMO2,CENPU,PPI
CENPU,CENPO,PPI
HNRNPA1,SRSF4,PPI
DOT1L,DDX21,PPI
CUL3,SRSF4,PPI
LAMP1,LAPTM5,PPI
S100A9,DDX21,PPI
TP53BP1,ZBTB10,PPI
ANXA7,EEF1A1,PPI
SUMO1,EEF1A1,PPI
SUMO2,TMX1,PPI
RASSF6,SAV1,PPI
FLNC,TRIM55,PPI
SRSF4,WRNIP1,PPI
SF3A3,FLNC,PPI
SEC14L4,REL,PPI
REL,TTC21A,PPI
ADSL,REL,PPI
BZRAP1,REL,PPI
REL,MVP,PPI
REL,LNPEP,PPI
REL,PLEKHN1,PPI
REL,DKFZp564J0123,PPI
RECK,REL,PPI
REL,PRDM10,PPI
RNF213,REL,PPI
NKRF,REL,PPI
MAGOH,SRSF4,PPI
JMJD6,CLK4,PPI
TRA2B,SRSF4,PPI
SRSF4,SRSF2,PPI
SOX2,SRSF4,PPI
U2SURP,MDC1,PPI
U2SURP,PAXIP1,PPI
DDX3X,EIF3E,PPI
RPA3,U2SURP,PPI
U2SURP,SUMO3,PPI
SRSF4,TICAM1,PPI
ING5,KAT6A,PPI
SRSF4,SRPK3,PPI
U2SURP,SUMO2,PPI
CEP57,MRPL40,PPI
PCNA,HIST2H3D,PPI
HCTP4,THUMPD2,PPI
THUMPD2,SNX8,PPI
SP1,REL,PPI
HIST2H3D,KAT6A,PPI
PAF1,CHD1,PPI
NPM1,SAMM50,PPI
CRLF3,DOCK6,PPI
ZFC3H1,HTT,PPI
SRSF4,DYRK1A,PPI
RPS23,DDX21,PPI
PLIN3,PPP4R2,PPI
HNRNPUL2,CEP57,PPI
RPS23,EIF3E,PPI
EIF3E,NEDD8,PPI
NDUFB8,SAMM50,PPI
HCLS1,SH2D4A,PPI
SRSF4,SRRM1,PPI
PRPF40A,CDK12,PPI
PRPF40A,CPSF6,PPI
UBR5,TXN2,PPI
APP,ASXL2,PPI
PTBP3,TXN2,PPI
HSPA1L,TXN2,PPI
MST065,TXN2,PPI
TPM4,TXN2,PPI
SCYL2,SPEN,PPI
RARA,ASXL2,PPI
KRT18,TXN2,PPI
VIM,TXN2,PPI
PCNA,STK39,PPI
P15RS,MCMBP,PPI
XPOT,MCMBP,PPI
RELA,TXN2,PPI
KRT13,CEP57,PPI
MAGEA11,TXN2,PPI
PSME3,TXN2,PPI
MTUS2,TXN2,PPI
FLNC,NUP133,PPI
USP7,MCMBP,PPI
SF3B2,TMOD2,PPI
SUMO2,SRSF4,PPI
IRF2,HCFC2,PPI
UBC,MCMBP,PPI
TCEAL1,FEM1C,PPI
UCHL1,TUBA1A,PPI
H2AFX,EEF1A1,PPI
STAG2,RBM14,PPI
RASA4,CLK4,PPI
YWHAB,CEP170B,PPI
REL,HDAC1,PPI
EEF1A1,SRRM1,PPI
MS4A2,CBLB,PPI
SPP1,EEF1A1,PPI
EEF1A1,HSPA8,PPI
CUL3,EEF1A1,PPI
PPP1R12B,COPS6,PPI
SHBG,EIF3E,PPI
PLOD2,AP2B1,PPI
REL,TBK1,PPI
EEF1A1,GPX7,PPI
UBB,CEP57,PPI
MAGEA11,PDE4B,PPI
STAU1,EEF1A1,PPI
CRK,EEF1A1,PPI
EEF1A1,AP2M1,PPI
SRSF10,UTP14A,PPI
DHX15,SRSF10,PPI
SRSF10,TCOF1,PPI
SRSF10,RBM14,PPI
SRSF10,PAXIP1,PPI
DSC1,CEP57,PPI
PRMT1,HABP4,PPI
SRSF10,FUS,PPI
CHD3,HABP4,PPI
HABP4,KAT5,PPI
RPL11,EEF1A1,PPI
RPL7A,EEF1A1,PPI
SUMO2,EEF1A1,PPI
RPL5,EEF1A1,PPI
RPL10A,EEF1A1,PPI
RPL15,EEF1A1,PPI
ATXN1,SPEN,PPI
PLSCR1,EP300,PPI
EP300,SAV1,PPI
REL,ATXN1,PPI
EEF1A1,GORASP2,PPI
EEF1A1,HNRNPUL1,PPI
MIA3,SAV1,PPI
TPP1,NEDD8,PPI
RPL23A,EEF1A1,PPI
RPS14,EEF1A1,PPI
RPS3A,EEF1A1,PPI
HIST1H4L,KAT6A,PPI
PNN,SIRT7,PPI
GRK5,PNN,PPI
UBD,SNAPC3,PPI
CBLB,ITSN1,PPI
TMEM113,UCHL1,PPI
CBLB,TRAF6,PPI
CFLAR,CBLB,PPI
SNAPC2,SNAPC3,PPI
DDX48,PNN,PPI
CBLB,ABL1,PPI
CRK,CBLB,PPI
TGFB1I1,CBLB,PPI
HDAC11,PNN,PPI
SRPK2,PNN,PPI
PIN1,BCLAF1,PPI
CTTNBP2NL,FLNC,PPI
CSNK2A2,PNN,PPI
PNN,NFKBIL1,PPI
NEDD4,CBLB,PPI
SHC1,CBLB,PPI
KIT,CBLB,PPI
TCEA2,PNN,PPI
BAG3,ANXA1,PPI
RBMX,EEF1A1,PPI
SUMO2,PNN,PPI
NOP56,EEF1A1,PPI
DDX1,EEF1A1,PPI
EEF1A1,FUS,PPI
PLSCR1,ZNF587,PPI
EEF1A1,RPL18A,PPI
RPL18A,DIDO1,PPI
ATXN1L,SCAF11,PPI
CDK2,GDI1,PPI
CHUK,SASH1,PPI
EEF1A1,THRAP3,PPI
ACOT7,GDI1,PPI
FLNC,AP3S1,PPI
GNAI2,GDI1,PPI
HEXA,GDI1,PPI
RCC2,GDI1,PPI
SCRN1,GDI1,PPI
SGTA,GDI1,PPI
EIF4A1,EEF1A1,PPI
RAB3B,GDI1,PPI
RRP1B,DDX21,PPI
GDI1,MINOS1,PPI
PHGDH,EEF1A1,PPI
HNRNPL,EEF1A1,PPI
SART1,EEF1A1,PPI
EIF3E,RPS8,PPI
COX5A,NELFCD,PPI
MMRN1,CEP57,PPI
U2SURP,MFAP1,PPI
UBXN7,OXCT1,PPI
SUB1,CLK4,PPI
EEF1A1,DCUN1D1,PPI
SRSF10,S100A9,PPI
PEX7,PHYH,PPI
GDI1,DCUN1D1,PPI
PCNA,BAZ1B,PPI
CYP2E1,AGXT2,PPI
RPL12,EEF1A1,PPI
EPS8,TPRN,PPI
UBE2D1,TRIM5,PPI
TARDBP,BCLAF1,PPI
MRPS7,CEP57,PPI
CUL3,U2SURP,PPI
U2SURP,GRK5,PPI
ZCCHC8,THOC1,PPI
DIDO1,GNL3,PPI
RBM10,U2SURP,PPI
U2SURP,LMNA,PPI
TERT,U2SURP,PPI
U2SURP,WWOX,PPI
PPP2R1A,PPP1R12B,PPI
PPP2R1A,ZCCHC8,PPI
UBXN7,TYMS,PPI
ZFC3H1,CSNK2A1,PPI
SAT1,PRDX2,PPI
LPL,EMD,PPI
ZFC3H1,GOLGA2,PPI
ZFC3H1,MTUS2,PPI
ZFC3H1,SPAG5,PPI
CUL1,U2SURP,PPI
SAV1,CEP72,PPI
CUL3,MCMBP,PPI
UBD,MCMBP,PPI
RPL9P7,TXN2,PPI
GOLIM4,TXN2,PPI
UBXN7,SRXN1,PPI
RPS16,TXN2,PPI
ILF2,TXN2,PPI
SPTBN1,TXN2,PPI
VCP,TXN2,PPI
EPS8,SLC27A4,PPI
GPRASP2,TXN2,PPI
ALDOB,TXN2,PPI
TXN2,THAP1,PPI
MCMBP,MCM9,PPI
FKBP5,MCMBP,PPI
EPS15,LAPTM5,PPI
AP2B1,TXN2,PPI
MCM7,MCMBP,PPI
PHKA2,CEP57,PPI
TECPR1,MCMBP,PPI
EPS8,ABI1,PPI
UBC,TXN2,PPI
LAPTM5,GGA3,PPI
SUMO2,MCMBP,PPI
UBXN7,UBR1,PPI
FLNC,OTUD1,PPI
PIN1,CDK12,PPI
RPS11,CEP57,PPI
USP11,TCEAL1,PPI
GDI1,RAB11B,PPI
MRPL49,CEP57,PPI
TUBA4A,CEP57,PPI
PLCG2,CBLB,PPI
RRS1,DDX21,PPI
LSM3,CEP57,PPI
SQSTM1,TRIM5,PPI
ANXA1,ITGA4,PPI
ITGA4,DDX21,PPI
ITGA4,EIF3E,PPI
CUL1,SRSF4,PPI
YWHAH,SAV1,PPI
RCBTB2,PDE4B,PPI
SRSF4,CUL4B,PPI
SRSF4,SIRT7,PPI
NFX1,SRSF4,PPI
CTNNB1,CDH11,PPI
SRSF4,PAXIP1,PPI
ILF2,EEF1A1,PPI
SAP18,SRSF10,PPI
SRSF10,TRIM55,PPI
PHGDH,SRSF10,PPI
BCAS2,SRSF10,PPI
SRSF10,VASN,PPI
SRSF10,THOC6,PPI
SRSF10,PRKDC,PPI
SMU1,SRSF10,PPI
SRSF10,SRSF6,PPI
YWHAE,SRSF4,PPI
SYNCRIP,HABP4,PPI
STAU1,SRSF4,PPI
SRSF10,WWOX,PPI
SRSF10,STAU1,PPI
REL,KLHL32,PPI
EED,SRSF10,PPI
SRSF10,RNF2,PPI
SYMPK,KAT6A,PPI
FLNC,PSMD13,PPI
CLN5,RCN2,PPI
SASH1,KHDRBS1,PPI
TP53,HABP4,PPI
PPARGC1A,SRSF4,PPI
RECQL5,DHX29,PPI
MTHFD2,DHX29,PPI
DHX29,POGLUT1,PPI
DHX29,HAUS7,PPI
IFIT2,DHX29,PPI
SASH1,IRAK4,PPI
MAP3K7,SASH1,PPI
EEF1A1,SNW1,PPI
ZBTB10,FBXL17,PPI
NOS3,EFEMP1,PPI
KAT6A,ATXN1,PPI
EFEMP1,TNIP1,PPI
FABP5,CEP57,PPI
EFEMP1,TXNDC5,PPI
REL,EP300,PPI
EP300,KAT6A,PPI
UBE2D2,CBLB,PPI
SPRY1,CBLB,PPI
VAV2,CBLB,PPI
CBLB,PTK2B,PPI
SIRT2,CBLB,PPI
GABARAPL1,WDR11,PPI
PIK3R1,CBLB,PPI
IRS1,CBLB,PPI
EGFR,CBLB,PPI
GRB2,CBLB,PPI
DEDD,SHMT1,PPI
ZBTB10,MOB3C,PPI
CHUK,DHX29,PPI
PKP4,SAV1,PPI
UCHL1,NMRAL1,PPI
ACTR3,HCLS1,PPI
NDUFS3,SAMM50,PPI
UCHL1,ADRA2C,PPI
SART3,BCLAF1,PPI
FTSJ3,DDX21,PPI
PTPN5,ZBTB5,PPI
TNRC6A,SAV1,PPI
QARS,SAV1,PPI
ZBTB5,ST3GAL3,PPI
DDX21,SSR3,PPI
CPSF6,ZBTB8B,PPI
SLC25A17,SAMM50,PPI
TCEAL1,SSR3,PPI
PLOD2,RNF123,PPI
MYL6B,CEP57,PPI
REL,OCC1,PPI
PLOD2,FBXO6,PPI
TPP1,FBXO6,PPI
EEF1A1,FBXO6,PPI
DEDD,GTF3C3,PPI
SART3,CENPU,PPI
EEF1A2,CEP57,PPI
HIST3H3,DIDO1,PPI
HIST3H3,KAT6A,PPI
HSPA9,CEP57,PPI
PPP4R2,DDX20,PPI
H2AFX,TMX1,PPI
SUPT5H,PLOD2,PPI
CEP57,HINT3,PPI
LAPTM5,HEY1,PPI
REL,R3HDM2,PPI
RPS11,EEF1A1,PPI
RPS11,DDX21,PPI
FLNC,KCMF1,PPI
ANXA1,YWHAQ,PPI
YWHAQ,LIMA1,PPI
YWHAQ,EEF1A1,PPI
TSC22D1,CCDC90B,PPI
OFD1,SAV1,PPI
EED,DIDO1,PPI
EIF3G,EIF3E,PPI
EEF1A1,RPL10L,PPI
APOA1,PDE4B,PPI
CUL3,LPL,PPI
DISC1,PDE4B,PPI
-,LPL,PPI
CYP2E1,LAMC3,PPI
MAFG,CYP2E1,PPI
PPP2R1A,EEF1A1,PPI
PAFAH1B1,PDE4B,PPI
LAPTM5,EPN1,PPI
UBE2L3,UBXN7,PPI
EEF1A1,NIFK,PPI
EEF1A1,MRPL14,PPI
TRIT1,SMYD3,PPI
ZFC3H1,DOCK8,PPI
ZFC3H1,CEP70,PPI
ZFC3H1,TRIM27,PPI
ZFC3H1,HNRNPK,PPI
HNRNPUL1,SAMM50,PPI
MIA2,CEP57,PPI
GFI1B,EFEMP1,PPI
EEF2,EEF1A1,PPI
KHDRBS1,EFEMP1,PPI
EFEMP1,RIC8A,PPI
NR1H2,PCDH17,PPI
EIF3E,RUNDC3A,PPI
PLSCR1,FRAT1,PPI
GLMN,SAV1,PPI
DCC,EIF3E,PPI
REL,MORF4L1,PPI
ZBTB10,MORF4L1,PPI
SEC23B,MAN2A1,PPI
CYB5A,CYP2E1,PPI
CYP2E1,NMI,PPI
PTN,CYP2E1,PPI
CYP2E1,RPL13A,PPI
LATS2,SAV1,PPI
CEP57,S100A13,PPI
FANCG,CYP2E1,PPI
CYP2E1,STUB1,PPI
CUL1,EEF1A1,PPI
ZFC3H1,APP,PPI
EEF1A1,LGR4,PPI
SCAF11,LGR4,PPI
LGR4,DDX21,PPI
ZFC3H1,LGR4,PPI
CNOT1,LGR4,PPI
RPA1,EEF1A1,PPI
CREG1,IGF2R,PPI
RPA1,LIMA1,PPI
U2SURP,RPA1,PPI
RPA1,DIDO1,PPI
GIGYF2,CEP57,PPI
RPA1,ZCCHC8,PPI
MCM7,CEP57,PPI
NFKB2,EPS8,PPI
BLZF1,HCLS1,PPI
ITGA4,DRG1,PPI
LAPTM5,ITCH,PPI
HABP4,TOPORS,PPI
EEF1A1,TOPORS,PPI
OAT,FBXO6,PPI
ARRB2,BCLAF1,PPI
CREG1,FBXO6,PPI
DDX21,FBXO6,PPI
EIF3E,FBXO6,PPI
BCLAF1,ASB3,PPI
SMNDC1,SND1,PPI
FLNC,TP63,PPI
TP63,SLC35A3,PPI
TUBB6,SAV1,PPI
RPS28,EIF3E,PPI
DCAF7,CEP57,PPI
CDKN2B,CCDC90B,PPI
PCDHA4,CCDC90B,PPI
ANXA7,CCDC90B,PPI
TOM1L2,LAPTM5,PPI
NEDD4L,LAPTM5,PPI
EPS8,GULP1,PPI
PLOD2,SWAP70,PPI
MRPS11,SAMM50,PPI
MRPS11,CEP57,PPI
PDCD5,TCEAL1,PPI
RPS14,CEP57,PPI
SKIV2L2,ZCCHC8,PPI
SAT1,KAT5,PPI
EIF3E,YWHAE,PPI
YWHAE,LIMA1,PPI
YWHAE,CEP57,PPI
DEDD,CASP8,PPI
DDX48,SRSF10,PPI
DDX48,SRSF4,PPI
REL,KIAA0100,PPI
SFRS3,CHD1,PPI
DDX48,EEF1A1,PPI
PCNA,DCTPP1,PPI
FLNC,XIRP1,PPI
ITGA4,EEF1A1,PPI
RRS1,ADNP,PPI
RRS1,DIDO1,PPI
SOCS6,EFEMP1,PPI
PRPF3,SMNDC1,PPI
SAT1,FAM156B,PPI
ASH2L,HCFC2,PPI
UBC,TCEAL1,PPI
REL,RIPPLY1,PPI
CNOT1,GRB2,PPI
CNOT1,NOTCH1,PPI
CNOT1,NANOS1,PPI
MED14,MED28,PPI
SPEN,SRA1,PPI
UBC,COX5A,PPI
UBC,PHF3,PPI
DEDD,UBC,PPI
CTSH,UBC,PPI
CDK9,CDK12,PPI
CEP57,MRPS23,PPI
UBC,MAP4K5,PPI
UBC,EPS8,PPI
UBC,SAT1,PPI
GDI1,GINS3,PPI
PCNA,FANCE,PPI
ADRA2B,UCHL1,PPI
HSP90AA1,UCHL1,PPI
CDK2,UCHL1,PPI
UCHL1,TRIM54,PPI
UCHL1,USP15,PPI
UCHL1,DDB1,PPI
UCHL1,RPTOR,PPI
CDK1,UCHL1,PPI
UCHL1,CDK5,PPI
PPP2CA,TWIST1,PPI
TWIST1,HES6,PPI
TWIST1,KMT5A,PPI
CHD3,TWIST1,PPI
CUL3,CPOX,PPI
FH,CPOX,PPI
ERN1,UCHL1,PPI
ETS2,TWIST1,PPI
CPOX,UBE2G2,PPI
UBC,TWIST1,PPI
TP53,TWIST1,PPI
TCF4,TWIST1,PPI
EEF1G,EEF1A1,PPI
SOX2,TWIST1,PPI
EFEMP2,PLSCR1,PPI
TWIST2,TWIST1,PPI
TWIST1,ELSPBP1,PPI
MTA2,TWIST1,PPI
TWIST1,RBBP7,PPI
UCHL1,CCDC14,PPI
UCHL1,KRT17,PPI
TP53,UCHL1,PPI
VDAC1,MAPK1,PPI
SAT1,CCDC148,PPI
UBC,CRLF3,PPI
CHD1,UBC,PPI
EEF1G,FLNC,PPI
SAT1,TUBB2A,PPI
MAP3K7,TRIM5,PPI
NNT,SLC26A2,PPI
SMN1,CCDC90B,PPI
PSMC5,TRIM5,PPI
HIST1H2AD,EEF1A1,PPI
EPS8,C8orf33,PPI
USP2,TRIM5,PPI
TRIM5,USP15,PPI
ZBTB5,UBC,PPI
PHYH,WRAP73,PPI
SAT1,VKORC1,PPI
IK,DDX21,PPI
SRSF10,IK,PPI
UBC,CDH22,PPI
ELF1,REL,PPI
CD4,VDAC1,PPI
UBE2K,TRIM5,PPI
PSMC4,TRIM5,PPI
U2SURP,TRA2A,PPI
VDAC1,MCC,PPI
APP,ARMC1,PPI
CDCA5,STAG2,PPI
ZNF417,ZBTB10,PPI
EEF1A1,CEP250,PPI
CENPU,CENPK,PPI
RARA,SETD2,PPI
SETD2,CBX8,PPI
SOX2,SETD2,PPI
CLK2,SETD2,PPI
HIST3H3,SETD2,PPI
VDAC1,HDAC5,PPI
HTT,SETD2,PPI
UBC,ZBTB10,PPI
UBC,SETD2,PPI
REL,EXOSC1,PPI
MTFR1L,ARMC1,PPI
UBC,TMOD2,PPI
UBC,ZNF12,PPI
VDAC1,PANK2,PPI
VDAC1,TRAF6,PPI
UBXN6,LIMA1,PPI
UBC,HABP4,PPI
CD55,MAN2A1,PPI
SRSF4,BARD1,PPI
MAN2A1,TMED9,PPI
EPS8,SF3B3,PPI
PTPN3,AKR1C1,PPI
SMNDC1,SF3B3,PPI
SCAF11,BARD1,PPI
UBC,CEP57,PPI
UNC13B,BARD1,PPI
U2SURP,BARD1,PPI
TP53,LIMA1,PPI
APP,CCNL1,PPI
BARD1,CDK12,PPI
CRADD,SLC35A3,PPI
JMJD6,CCNL1,PPI
UBC,KAT6A,PPI
NEDD8,CCNL1,PPI
SUMO1,CCNL1,PPI
SUMO3,CCNL1,PPI
CCNL1,CDK11A,PPI
PAXIP1,CDK12,PPI
CUL2,TCEAL1,PPI
TCEAL1,FEM1A,PPI
TCEAL1,PPP2R2D,PPI
KIAA0368,CEP170B,PPI
FLNC,RAPGEF2,PPI
POLR1A,REL,PPI
SMC5,SMC6,PPI
DEDD,HOXD4,PPI
HNRNPA2B1,CEP57,PPI
UBC,CPSF6,PPI
CUL3,KCTD12,PPI
EGFR,SH2B3,PPI
ERBB2,SH2B3,PPI
ERBB3,SH2B3,PPI
REL,C9orf72,PPI
PLCG1,SH2B3,PPI
RASSF5,KCTD12,PPI
PLSCR1,KRTAP10-9,PPI
KRTAP10-9,CLK4,PPI
RABGEF1,TXN2,PPI
PLSCR1,KRTAP10-11,PPI
LYZ,CEP57,PPI
UBC,ADNP,PPI
CA9,HEATR3,PPI
RPA3,EIF1B,PPI
EIF1B,EIF3I,PPI
EIF3H,EIF1B,PPI
EIF3L,EIF1B,PPI
EIF3F,EIF1B,PPI
EIF1B,EIF3M,PPI
EIF2S3,EIF1B,PPI
EIF1B,TAGLN2,PPI
EIF1B,RPS29,PPI
EIF1B,ELOC,PPI
ERH,EIF1B,PPI
EIF1B,EIF3G,PPI
EIF1B,MYL12A,PPI
REL,MRPL10,PPI
CARD11,CBLB,PPI
HSPA2,EEF1A1,PPI
RPL18,EEF1A1,PPI
UBC,NSMAF,PPI
CSTA,CEP57,PPI
LATS1,SAV1,PPI
MYC,ADNP,PPI
PLSCR1,ANXA11,PPI
CASP7,SAT1,PPI
BCKDK,EPS8,PPI
MYC,CEP57,PPI
UBC,EFEMP1,PPI
JUNB,SAT1,PPI
ARID1A,ADNP,PPI
BTG1,FBXW7,PPI
BTG1,SKP1,PPI
BTG1,SKP2,PPI
UBC,BTG1,PPI
CBLB,CD2AP,PPI
LIG4,BTG1,PPI
MAP2K4,FLNC,PPI
PLSCR1,ZNF581,PPI
CYCS,VDAC1,PPI
U2SURP,MYC,PPI
CEP57,HRNR,PPI
BTG1,RNF181,PPI
DEDD,CCDC59,PPI
SUMO2,CMTM6,PPI
ATP13A2,CMTM6,PPI
PPBP,CMTM6,PPI
PLOD2,FARSB,PPI
EIF3E,RPS25,PPI
MYC,EIF3E,PPI
APLP2,DEDD,PPI
DEDD,USP22,PPI
CNOT1,USP22,PPI
EWSR1,TRIM5,PPI
EWSR1,CPSF6,PPI
UBXN7,ZYX,PPI
CYP2E1,GATM,PPI
EEF1A1,CCAR2,PPI
TNFSF11,EEF1A1,PPI
XRCC6,BTG1,PPI
UBC,LIMA1,PPI
MEN1,HCFC2,PPI
CYSTM1,TMX1,PPI
PLSCR1,SMARCC1,PPI
AKT1,KAT6A,PPI
YWHAZ,SRSF4,PPI
EIF3E,LARP1,PPI
SPEN,RBBP8,PPI
PHGDH,ADNP,PPI
HDAC11,ADNP,PPI
CCDC8,ADNP,PPI
SUMO2,ADNP,PPI
EMD,BCLAF1,PPI
CBX5,ADNP,PPI
CBX1,ADNP,PPI
REL,FNDC11,PPI
TPP1,UBC,PPI
YWHAZ,DRG1,PPI
EEF1A1,SEPT2,PPI
UBC,RBM12,PPI
SEPT2,ADNP,PPI
TOMM40,SAMM50,PPI
UBC,CCNL1,PPI
CPSF6,TOLLIP,PPI
OAT,FAF2,PPI
LMO2,REL,PPI
BID,REL,PPI
ZNF385,CEP57,PPI
UBC,TMEM165,PPI
AKR1C1,MAPK3,PPI
UBC,ASXL2,PPI
UBXN7,HIF1A,PPI
CUL3,RCN2,PPI
RCN2,SFXN1,PPI
SQOR,SAMM50,PPI
IFIT2,RCN2,PPI
NOS2,RCN2,PPI
RCN2,PAN2,PPI
CLN3,RCN2,PPI
RCN2,HDAC11,PPI
XPO1,RCN2,PPI
LATS2,RCN2,PPI
PRKN,RCN2,PPI
HTT,RCN2,PPI
RCN2,ASB3,PPI
RCN2,ASB12,PPI
RCN2,CEP250,PPI
CEP27,RCN2,PPI
RCN2,CEP76,PPI
RCN2,TUBGCP3,PPI
REL,OAZ3,PPI
UBC,RCN2,PPI
EEF1A1,ABTB2,PPI
REL,DMRT3,PPI
KPNA1,CLK4,PPI
CFTR,EPS8,PPI
NUDT3,OAT,PPI
UBE2K,REL,PPI
APP,CEP57,PPI
APP,DIDO1,PPI
SUMO1,CEP170B,PPI
UCHL1,USP28,PPI
VDAC1,MGAT4B,PPI
REL,POP5,PPI
ZCCHC8,USP28,PPI
EIF3D,SAT1,PPI
ALB,PDE4B,PPI
CNOT1,ALB,PPI
PAAF1,PPP4R2,PPI
RAB27A,UNC13B,PPI
EGFL9,PLSCR1,PPI
UNC13B,VAMP2,PPI
UNC13B,SNAP25,PPI
STX1A,UNC13B,PPI
UNC13B,UBC,PPI
REL,NECAP1,PPI
SMNDC1,RUVBL1,PPI
VDAC1,ACAA2,PPI
U2SURP,UBC,PPI
ARRB1,LIMA1,PPI
PCNA,ERCC6,PPI
VDAC1,UBA52,PPI
VDAC2,VDAC1,PPI
VDAC1,SF1,PPI
RALBP1,CEP57,PPI
ZMPSTE24,VDAC1,PPI
VCAM1,VDAC1,PPI
VDAC1,CAV1,PPI
VDAC1,TUBA1B,PPI
VDAC1,MDC1,PPI
VDAC1,HK1-tb,PPI
ATF2,VDAC1,PPI
UBC,SPEN,PPI
YWHAZ,SAV1,PPI
VCAM1,EIF3E,PPI
SAT1,C19orf25,PPI
UBC,SLC35A3,PPI
VDAC1,FOXRED2,PPI
MIB1,ZBTB10,PPI
WBP11,CPSF6,PPI
CPSF6,PUF60,PPI
CPSF6,CSNK1A1,PPI
DAB2,CPSF6,PPI
LMNA,CPSF6,PPI
SRPK2,CPSF6,PPI
PLSCR1,UBC,PPI
CPSF6,WWOX,PPI
APBB1,CPSF6,PPI
CPSF6,CLP1,PPI
UBC,STAG2,PPI
PAN2,LIMA1,PPI
OAT,FUS,PPI
RPS25,CEP57,PPI
UCHL1,TRAF3,PPI
UBC,SNAPC3,PPI
MAFK,KAT6A,PPI
UBC,PPP4R2,PPI
UBE2V2,TRIM5,PPI
RHOT2,SAMM50,PPI
UBC,EEF1A1,PPI
ELOA,CDK12,PPI
AMOT,SAV1,PPI
UBC,CBLB,PPI
UBC,BCLAF1,PPI
UBC,AUH,PPI
UBC,DRG1,PPI
UBC,METTL9,PPI
UBC,NAA50,PPI
PSMD7,TRIM5,PPI
GMPS,TCEAL1,PPI
CLNS1A,PPP4R2,PPI
RABIF,REL,PPI
USP39,TRIM5,PPI
UBC,GDI1,PPI
RYK,WASF1,PPI
PRKN,EEF1A1,PPI
PRKN,REL,PPI
FUS,CPSF6,PPI
UBC,DHX29,PPI
LPL,UBC,PPI
SRSF4,CAND1,PPI
CPSF6,CAND1,PPI
UBXN7,UBC,PPI
U2SURP,CAND1,PPI
PLSCR1,SMCP,PPI
EEF1A1,CAND1,PPI
UBC,SAMM50,PPI
SAT1,FAM86C1,PPI
SNRNP200,ZBTB10,PPI
SAP30BP,FLNC,PPI
CDKN2C,REL,PPI
REL,RSPH14,PPI
CSNK2A1,CEP57,PPI
UBD,HEATR3,PPI
KRT7,DIDO1,PPI
EGFR,HEATR3,PPI
FLNC,FBXL22,PPI
ANXA1,KMT2B,PPI
GEMIN4,PPP4R2,PPI
CNOT1,CNOT8,PPI
UBR4,CEP57,PPI
EIF3D,REL,PPI
KRT7,PCNA,PPI
SUMO2,STAG2,PPI
SUMO2,HEATR3,PPI
PLSCR1,NTN4,PPI
OTUD4,FLNC,PPI
OAT,OTUD4,PPI
HCLS1,CSNK2A1,PPI
UBXN7,UBR4,PPI
CRLF3,DOCK7,PPI
HSPA8,SAMM50,PPI
PLSCR1,MAPK6,PPI
TRIM5,TAB2,PPI
EIF1B,ATXN1,PPI
EIF1B,PEX19,PPI
TRIM38,EIF1B,PPI
EIF1B,EIF3A,PPI
EIF3D,EIF1B,PPI
EIF1B,EIF3E,PPI
ACTR3,EIF1B,PPI
EIF1B,RPS3A,PPI
RPS9,EIF1B,PPI
EIF1B,HPRT1,PPI
EIF1B,YARS,PPI
SHMT2,EIF1B,PPI
EIF1B,EIF3K,PPI
EIF1B,PCMT1,PPI
EIF1B,EIF2S1,PPI
EIF1B,ACAT1,PPI
EIF1B,RAB7A,PPI
EIF1B,UBC,PPI
CEP250,ADAMTS1,PPI
A2M,ADAMTS1,PPI
APP,LIMA1,PPI
PLSCR1,KRTAP4-12,PPI
CRKL,MAP4K5,PPI
CRKL,CBLB,PPI
VDAC1,SIRT7,PPI
CDK2,VDAC1,PPI
VDAC1,VAPA,PPI
VDAC1,SFXN3,PPI
VDAC1,SUGP1,PPI
VDAC1,UFM1,PPI
FLOT2,VDAC1,PPI
VDAC1,ALDH5A1,PPI
PRKN,VDAC1,PPI
BAG3,VDAC1,PPI
VDAC1,ASB17,PPI
VDAC1,MDM2,PPI
VDAC1,KLHL40,PPI
EPS8,C19orf25,PPI
UBAC2,VDAC1,PPI
VDAC1,DCD,PPI
VDAC1,GABARAPL2,PPI
VDAC1,MCL1,PPI
VDAC1,BAX,PPI
SNCA,VDAC1,PPI
CSNK2B,VDAC1,PPI
UBC,VDAC1,PPI
VDAC1,MAPK3,PPI
CSTB,CTSH,PPI
TRIM29,HCLS1,PPI
EIF3E,SUMO2,PPI
COX5A,DAP3,PPI
CEP57,HNRNPU,PPI
SRPK2,DIDO1,PPI
MTHFD1,TMEM165,PPI
SASH1,SFN,PPI
SFN,SAV1,PPI
UQCRB,COX5A,PPI
MAP3K1,TRIM5,PPI
CEP57,LRCH3,PPI
COX5A,EXOSC8,PPI
MTRNR2L1,EEF1A1,PPI
DDX21,SRRM2,PPI
SUMO2,DIDO1,PPI
EPS8,ARMC1,PPI
CEP57,CPNE7,PPI
MARK2,CEP57,PPI
EPS8,NACC2,PPI
PCBD1,TRIM5,PPI
MED14,MED26,PPI
CALM1,ARMC1,PPI
VAV1,CBLB,PPI
TRIM5,TRIM35,PPI
PLOD2,VASN,PPI
CEBPZ,RELA,PPI
ZC3H15,WASF1,PPI
HUWE1,OAT,PPI
ZCCHC8,RBM7,PPI
EEF1A1,MDM2,PPI
EIF1B,TSR1,PPI
MORF4L2,ZBTB10,PPI
CUL1,BTG1,PPI
BTG1,FBXL5,PPI
BTG1,FBXW2,PPI
BTG1,FBXL3,PPI
PLSCR1,PGLS,PPI
COX5A,MDM2,PPI
PRMT1,BTG1,PPI
MDM2,DDX21,PPI
BTG1,TUBA1A,PPI
HSPA5,CEP57,PPI
AHCYL2,CLK4,PPI
CDK20,CDK12,PPI
VHL,RIT1,PPI
UBXN7,VHL,PPI
PLOD2,VHL,PPI
PLSCR1,NPDC1,PPI
ZBTB7A,TFAP4,PPI
ISG15,NUP43,PPI
SUMO1,ZBTB7A,PPI
DDB1,NUP43,PPI
ZBTB7A,EEF1A1,PPI
ZBTB7A,SREBF1,PPI
UBD,NUP43,PPI
ZBTB7A,NFKBIB,PPI
ZBTB7A,NFKBIA,PPI
ZBTB7A,RELA,PPI
GRB2,DRG1,PPI
UBD,DRG1,PPI
NUP43,RAB3GAP2,PPI
ELL2,ICE1,PPI
DCTN2,NUP43,PPI
NUP43,TP53RK,PPI
SRPK2,DRG1,PPI
WWOX,DRG1,PPI
STAU1,DRG1,PPI
ZBTB7A,HOMEZ,PPI
COIL,ICE1,PPI
ZBTB7A,KHDRBS1,PPI
NUP43,NUP133,PPI
PLSCR1,SRC,PPI
HEL-S-103,EEF1A1,PPI
GADD45G,REL,PPI
FLNC,USP25,PPI
ZBTB7A,BCL6,PPI
ZBTB7A,TP53,PPI
SIRT1,ZBTB7A,PPI
ZBTB7A,SIN3A,PPI
RB1,ZBTB7A,PPI
ZBTB7A,BCOR,PPI
FLNC,DYNLRB1,PPI
PRPF4,CDK12,PPI
CDK13,CDK12,PPI
SUMO2,DRG1,PPI
HDGF,DRG1,PPI
ZBTB7A,SUMO2,PPI
RPL6,EEF1A1,PPI
NCOR2,ZBTB7A,PPI
UNC13B,ECT2,PPI
RPS19,EIF3E,PPI
CCDC138,SAV1,PPI
RPH3AL,UNC13B,PPI
UNC13B,RIMS1,PPI
UNC13B,STX1B,PPI
UNC13B,WDR48,PPI
CHD1,MLLT1,PPI
RPA2,LIMA1,PPI
COL5A1,SPARC,PPI
RPA2,DIDO1,PPI
SPARC,PLG,PPI
RPA2,ZCCHC8,PPI
RPA2,EEF1A1,PPI
PCNA,RPA2,PPI
APLP1,EEF1A1,PPI
RNPC2,CDK12,PPI
SPARC,ZNF579,PPI
RIPK1,ANXA1,PPI
MGMT,EEF1A1,PPI
TRAF2,EFEMP1,PPI
REL,ZNF765,PPI
REL,CHCHD2,PPI
SAT1,MTA1,PPI
TNIP2,REL,PPI
DSTN,PPP4R2,PPI
REL,CINP,PPI
PPIL1,CPSF6,PPI
OTUB2,TRIM5,PPI
CXCL2,EPS8,PPI
DEDD,BATF2,PPI
ERAF,TMEM165,PPI
CPSF6,OTUB2,PPI
PHF3,SIRT7,PPI
BRPF1,KAT6A,PPI
RPS16,EEF1A1,PPI
PHF3,HECW2,PPI
RPS2,EIF3E,PPI
RPS16,CEP57,PPI
PLK1,STAG2,PPI
NUP214,EEF1A1,PPI
REL,ATPAF2,PPI
TCEAL1,TCEAL2,PPI
REL,TRIM74,PPI
SUMO2,SMC5,PPI
ACTA1,CEP57,PPI
PHYH,APP,PPI
UBC,GIN1,PPI
RANBP2,EEF1A1,PPI
TXLNG,USP3,PPI
SH3BGRL3,USP3,PPI
ATP6V1H,USP3,PPI
SRSF4,SRRM2,PPI
PPP1CB,EEF1A1,PPI
IFIH1,USP3,PPI
DDX58,USP3,PPI
HIST1H2BB,USP3,PPI
REL,HSPB7,PPI
PPP1R12B,PPP1CB,PPI
ATXN1,SETD2,PPI
CIC,SETD2,PPI
CBR3,USP3,PPI
GNAL,USP3,PPI
EIF3S9,USP3,PPI
EIF3D,USP3,PPI
EIF3I,USP3,PPI
GNA13,USP3,PPI
WDTC1,USP3,PPI
RIMBP2,USP3,PPI
PRRC2B,USP3,PPI
EIF3E,EIF3I,PPI
TOR1AIP2,USP3,PPI
RAD52,EEF1A1,PPI
RPL11,CEP57,PPI
IWS1,SETD2,PPI
PAXIP1,DRG1,PPI
TP53,SETD2,PPI
HIST1H3F,SETD2,PPI
SSX2IP,DRG1,PPI
SMNDC1,CDK5RAP3,PPI
ACTB,NSMAF,PPI
HCLS1,NOTCH1,PPI
SUMO2,SCAF11,PPI
CHD1,SIRT7,PPI
CHD1,SPP1,PPI
CHD1,ISG15,PPI
HEL-S-103,CEP57,PPI
CHD1,ARRB1,PPI
SUMO2,EPS8,PPI
PAXIP1,BCLAF1,PPI
PAXIP1,LIMA1,PPI
CHD1,SAFB,PPI
CHD1,HDAC1,PPI
CHD1,NCOR1,PPI
SSRP1,CHD1,PPI
CHD1,HIST1H3F,PPI
CHD1,HMGA1,PPI
CHD1,SUMO2,PPI
TCEAL1,MAPK14,PPI
ISG15,CCNL1,PPI
APPBP2,ANKRD10,PPI
PRKAA2,CEP170B,PPI
CNOT3,CNOT1,PPI
NDUFS8,SAMM50,PPI
CDK2,DDX21,PPI
CUL3,DDX21,PPI
HNRNPA1,DDX21,PPI
RPL19,DDX21,PPI
RPL5,DDX21,PPI
RPL31,DDX21,PPI
RPL7,DDX21,PPI
PARP1,DDX21,PPI
EFTUD2,DDX21,PPI
SRSF7,DDX21,PPI
DDX21,THRAP3,PPI
DIDO1,H2AFY2,PPI
SMARCA1,DDX21,PPI
CSNK2A2,CCNL1,PPI
PPP2R2A,TCEAL1,PPI
HAT1,REL,PPI
APPBP2,CCNL1,PPI
PAN2,DDX21,PPI
LYN,DDX21,PPI
KDM6A,PROSER1,PPI
TCEAL1,KDM3A,PPI
TCEAL1,USP7,PPI
TCEAL1,ELOC,PPI
TCEAL1,TCEAL4,PPI
BAP1,ASXL2,PPI
SRPK2,DDX21,PPI
SUMO2,PROSER1,PPI
PA2G4,DDX21,PPI
CEP250,DDX21,PPI
HUWE1,DDX21,PPI
SUMO1,DDX21,PPI
CCDC8,DDX21,PPI
TOP1,DDX21,PPI
NOP56,DDX21,PPI
PLOD2,JUP,PPI
CALM1,DDX21,PPI
UBE2E2,SPEN,PPI
HDGF,DDX21,PPI
UBC,ANKRD27,PPI
SUMO2,DDX21,PPI
PLSCR1,LCE3C,PPI
DSP,HNMT,PPI
GDI1,GGH,PPI
KCTD12,GNE,PPI
SHTN1,KCTD12,PPI
LMNA,KCTD12,PPI
RANBP6,KCTD12,PPI
KPNA1,KCTD12,PPI
GABBR2,KCTD12,PPI
FKBP1B,REL,PPI
RIPK2,KCTD12,PPI
FLNA,SH2B3,PPI
NAA15,NAA50,PPI
PLSCR1,PITX1,PPI
SRSF10,HECW2,PPI
KCTD12,ARAP1,PPI
SUMO2,CEBPZ,PPI
PCK1,DDX21,PPI
FLNC,MYOZ2,PPI
ATM,EIF3E,PPI
PIR,SPEN,PPI
PRDX3,SPEN,PPI
BPGM,SPEN,PPI
YWHAZ,EEF1A1,PPI
CD81,CPSF6,PPI
EPS8,HOOK2,PPI
FLNC,MYOZ3,PPI
ASB18,BCLAF1,PPI
NGB,REL,PPI
SUMO2,ZBTB10,PPI
CPVL,CEP57,PPI
MRPL23,TXN2,PPI
CUL3,BCLAF1,PPI
SFPQ,SRSF4,PPI
SFPQ,STAG2,PPI
PSMA2,EEF1A1,PPI
FLNC,PHLDB2,PPI
MON2,GGA1,PPI
HSPB1,CEP57,PPI
RPLP2,CEP57,PPI
CLK4,SRRM2,PPI
ZCCHC8,USP7,PPI
HABP4,HMGXB4,PPI
CBL,CBLB,PPI
CLK2,BCLAF1,PPI
TRAF3,CBLB,PPI
SF3A1,PPP4R2,PPI
RPS12,EIF3E,PPI
CSNK2A1,BCLAF1,PPI
CSNK2A1,CPSF6,PPI
SRSF10,CSNK2A1,PPI
KCTD12,SMURF2,PPI
NUAK1,PPP1R12B,PPI
COX5A,KRT40,PPI
EIF3E,RPS20,PPI
FBXL18,PLSCR1,PPI
MRPL11,SAMM50,PPI
BCL3,REL,PPI
ATP6V1B1,LIMA1,PPI
PSMA6,EEF1A1,PPI
PLSCR1,ZNF764,PPI
EWSR1,CDK12,PPI
SMNDC1,EWSR1,PPI
MYC,OAT,PPI
PRKAR2A,WASF1,PPI
CNOT1,CCAR2,PPI
ZBTB10,LSM4,PPI
CTBP1,SPEN,PPI
PIBF1,SAV1,PPI
RAF1,EEF1A1,PPI
KCND2,KCNE4,PPI
KCNE4,KCNIP2,PPI
FLNA,KCNE4,PPI
TSNAX,KCNE4,PPI
RERE,KAT6A,PPI
SPI1,TMX1,PPI
RBM5,U2SURP,PPI
RPS5,EEF1A1,PPI
CCNK,CDK12,PPI
REL,CPNE2,PPI
MAGEA11,PHYH,PPI
PLOD2,UBL4A,PPI
SUMO2,BCLAF1,PPI
PSTPIP1,DDX21,PPI
SAT1,UNC119,PPI
PHYH,COPS3,PPI
ATP5C1,CEP57,PPI
REL,EPM2AIP1,PPI
DIDO1,HECW2,PPI
PHYH,F8,PPI
UCHL1,MDM2,PPI
VTN,SRSF10,PPI
VTN,PRDX4,PPI
SMC5,NSMCE1,PPI
SRSF9,FLNC,PPI
SRSF9,HABP4,PPI
ANXA1,HECW2,PPI
TRAF2,MAP4K5,PPI
CEBPZ,HDAC11,PPI
CYP2E1,ABCA5,PPI
SRSF10,MSH2,PPI
PCBD1,CEBPZ,PPI
PCNA,PCLAF,PPI
CDS1,MUS81,PPI
WASL,ABI1,PPI
MAP3K7,TRAF6,PPI
SNAP23,STX2,PPI
UBA52,JMJD1C,PPI
RNF8,JMJD1C,PPI
NFKB1,TWIST1,PPI
NFKB1,REL,PPI
CNOT1,ZFP36,PPI
UBXN7,VCP,PPI
PCNA,UBA52,PPI
PCNA,L3MBTL1,PPI
PCNA,CCNA2,PPI
PCNA,CCNO,PPI
FBXW5,EPS8,PPI
TPP1,CTC1,PPI
UBA52,MAP4K3,PPI
EIF3F,EIF3E,PPI
PCNA,HLTF,PPI
RECQL5,PCNA,PPI
CDK2,PCNA,PPI
PCNA,CDAN1,PPI
RAD17,PCNA,PPI
PCNA,ERCC5,PPI
PCNA,ING1,PPI
MFN2,MFN1,PPI
MED14,MED1,PPI
MED14,CDK8,PPI
CYFIP1,WASF1,PPI
UTRN,PPP3CA,PPI
AKAP5,PPP3CA,PPI
EIF3S9,EIF3E,PPI
HSPA4,REL,PPI
RBBP5,NCOA6,PPI
UTY,NCOA6,PPI
PPARG,NCOA6,PPI
TP53BP1,NCOA6,PPI
TP53,NCOA6,PPI
SLC11A2,NDFIP1,PPI
TAL1,SSBP3,PPI
MARK3,UBA52,PPI
TNFAIP3,CASP8,PPI
CUL3,UBXN7,PPI
UBXN7,NEDD8,PPI
UBXN7,CUL2,PPI
UBXN7,CUL4A,PPI
UBXN7,UBA52,PPI
SLC11A2,UBA52,PPI
SPEN,NCOR2,PPI
GSAP,APP,PPI
MAP3K7,HIPK2,PPI
MAP3K7,FKBP5,PPI
MAP3K7,TAB2,PPI
LYN,CBL,PPI
NRG1,ERBB4,PPI
EIF3E,EIF3K,PPI
EIF3E,EIF3M,PPI
BAK1,MFN1,PPI
PNN,SAP18,PPI
NFATC1,PPP3CA,PPI
TPP1,STN1,PPI
COL3A1,SPARC,PPI
CPSF6,JMJD6,PPI
SMC1A,STAG2,PPI
REL,NFKBIB,PPI
PAK1,EIF3E,PPI
TERT,TPP1,PPI
SYK,LYN,PPI
PLK1,CENPU,PPI
DEDD,CCNB1,PPI
DEDD,CDK1,PPI
WASF1,ABI2,PPI
C9orf74,OGT,PPI
CDH1,LIMA1,PPI
EDC4,AGO3,PPI
ITGA4,ABI1,PPI
PPP3CA,NFATC2,PPI
RBPJ,MAML1,PPI
SEPT6,SEPT7,PPI
CUL1,UBXN7,PPI
SGO1,STAG2,PPI
LDB2,SSBP3,PPI
PXN,NDEL1,PPI
VCL,NDEL1,PPI
CDC42,NDEL1,PPI
IMMT,NDEL1,PPI
HLA-B,B2M,PPI
SLC11A2,NEDD4L,PPI
MAGOH,UPF3B,PPI
LYN,GP6,PPI
UPF3B,UPF3A,PPI
EPS8,BAIAP2,PPI
MAP3K7,TNIK,PPI
LYN,PLAUR,PPI
UPF1,UPF3B,PPI
CDC37,MAP3K7,PPI
EL52,MAP3K7,PPI
EIF3D,EIF3E,PPI
POT1,TPP1,PPI
JMJD1C,RNF168,PPI
MDC1,JMJD1C,PPI
SEPT6,SEPT2,PPI
CASC3,UPF3B,PPI
UBA52,ERBB4,PPI
ERBB4,ITCH,PPI
BYSL,ERBB4,PPI
BCL2,VDAC1,PPI
WAPL,STAG2,PPI
EIF3E,EIF3A,PPI
VDAC1,BCL2L1,PPI
NCOA6,KMT2B,PPI
KDM6A,NCOA6,PPI
NCOA6,PAXIP1,PPI
ACTB,NCOA6,PPI
WDR5,NCOA6,PPI
NCOA6,DPY30,PPI
SYK,RPS6KA2,PPI
RAC1,WASF1,PPI
PPP3R1,PPP3CA,PPI
CTNNA1,LIMA1,PPI
NDEL1,DISC1,PPI
EIF3H,EIF3E,PPI
EPS8,BAIAP2L1,PPI
UBXN7,CUL4B,PPI
TROAP,ERBB4,PPI
RACK1,NSMAF,PPI
EPS8,SHB,PPI
CSNK2A2,SAT1,PPI
SAT1,CHD3,PPI
CHD3,HABP4,PPI
RCN2,NPTX1,PPI
HOXA5,TWIST1,PPI
TCF3,TWIST1,PPI
EPN2,LAPTM5,PPI
EPS8,ABI1,PPI
HABP4,PRMT1,PPI
ANXA1,TGM2,PPI
MAP4K3,SH3GL2,PPI
HERC1,LAPTM5,PPI
CDC34,ROCK1,PPI
VIM,ROCK1,PPI
LIMK1,ROCK1,PPI
ROCK1,SMAD2,PPI
RALGDS,RIT1,PPI
MSX2,SPEN,PPI
RGS12,EEF1A1,PPI
CREG1,TBP,PPI
GLI3,TWIST1,PPI
HSPB2-C11orf52,CLK4,PPI
RELA,TWIST1,PPI
U2AF2,SCAF11,PPI
RAC2,GDI1,PPI
XRCC6,PCNA,PPI
GDI1,RABAC1,PPI
PCNA,CCND1,PPI
PCNA,MSH2,PPI
PCNA,CCND3,PPI
PARP1,PCNA,PPI
PCNA,RFC1,PPI
PTMA,PCNA,PPI
PCNA,RFC2,PPI
PCNA,CDKN1C,PPI
PCNA,ING1,PPI
PCNA,DHX9,PPI
PCNA,RAD9A,PPI
POLH,PCNA,PPI
PCNA,MUTYH,PPI
GADD45B,PCNA,PPI
UBB,PCNA,PPI
PCNA,POLE,PPI
PCNA,MSH6,PPI
PCNA,XRCC5,PPI
PCNA,DNTTIP2,PPI
PCNA,BAZ1B,PPI
PCNA,PPP1CA,PPI
PCNA,POLM,PPI
CHTF8,PCNA,PPI
PCNA,POLDIP2,PPI
ITGB1,EPS8,PPI
GTF2B,REL,PPI
MED14,ACTN1,PPI
MED14,HNF4A,PPI
IXL,MED14,PPI
TRIM6,TRIM5,PPI
PCNA,RFC3,PPI
EEF1A1,ZCCHC10,PPI
CRK,WASF1,PPI
RAC1,WASF1,PPI
CSTA,CTSH,PPI
LPL,LRP2,PPI
CUL3,RIT1,PPI
LYL1,DRG1,PPI
ZBTB7A,SP1,PPI
ZBTB7A,SP3,PPI
HOXB6,SAT1,PPI
SMAD9,EIF3E,PPI
BAG6,RCN2,PPI
RAN,RANGRF,PPI
CDK2,PCNA,PPI
CDK5,PCNA,PPI
PCNA,CCNB1,PPI
PCNA,DNMT1,PPI
PCNA,LIG1,PPI
PCNA,RFC4,PPI
CDC2,PCNA,PPI
PCNA,RPA1,PPI
UNG,PCNA,PPI
PCNA,SUB1,PPI
PCNA,PRKDC,PPI
PCNA,HDAC1,PPI
CDC6,PCNA,PPI
PCNA,EP300,PPI
PCNA,CDK6,PPI
HUS1,PCNA,PPI
PCNA,RBBP8,PPI
PCNA,WRN,PPI
PCNA,MYBBP1A,PPI
PCNA,TCOF1,PPI
PCNA,CCNO,PPI
APEX2,PCNA,PPI
PCNA,SEC23IP,PPI
DNTT,PCNA,PPI
PCNA,POLL,PPI
PCNA,KCTD13,PPI
PCNA,CHTF18,PPI
PCNA,DSCC1,PPI
PCNA,POLI,PPI
ALDOA,ATP6V1E1,PPI
ALDOA,TGM2,PPI
ALDOA,DYNLL1,PPI
ALDOA,MYOC,PPI
PLD2,ALDOA,PPI
PSEN1,SCAF11,PPI
SRPK1,SCAF11,PPI
FURIN,ADAMTS1,PPI
MED14,MED9,PPI
SRGAP3,WASF1,PPI
MBD3,SPEN,PPI
PCNA,GADD45A,PPI
NCBP1,BNIP3,PPI
UCHL1,HSPA8,PPI
C4B,EEF1A1,PPI
UBE2L6,SPEN,PPI
MMP3,SPOCK1,PPI
PFN2,ROCK1,PPI
TRPM7,ANXA1,PPI
NR1F3,NCOA6,PPI
HNF4A,NCOA6,PPI
TOP1,NCOA6,PPI
NUMA1,NCOA6,PPI
RARA,NCOA6,PPI
NCOA6,SMAD2,PPI
THRA,NCOA6,PPI
NCOA6,TGS1,PPI
NCOA6,RBM14,PPI
RNPC2,NCOA6,PPI
NCOA6,ZNF335,PPI
IL12A,WASF1,PPI
GRB2,WASF1,PPI
WASF1,NCKAP1,PPI
TOMM20,VDAC1,PPI
KLHL12,RIT1,PPI
CDC42,WASF1,PPI
RIT1,RGL1,PPI
COPS7B,EIF3E,PPI
LRIF1,RIT1,PPI
IFITM2,UPF3A,PPI
PLCG1,EEF1A1,PPI
EEF1A1,PLAUR,PPI
SHBG,EEF1A1,PPI
CSRP2,EEF1A1,PPI
EEF1A1,PABPC4,PPI
ZPR1,EEF1A1,PPI
DEDD,FADD,PPI
EEF1A1,MAD2L1BP,PPI
EEF1A1,TP53BP2,PPI
CHUK,TNFAIP3,PPI
TNFAIP3,YWHAB,PPI
TNFAIP3,TRAF1,PPI
IKBKB,TNFAIP3,PPI
RIPK1,TNFAIP3,PPI
TNFAIP3,TAX1BP1,PPI
TNFAIP3,CCDC50,PPI
NCOR1,SPEN,PPI
TPT1,EEF1A1,PPI
SRSF1,DIDO1,PPI
BIN1,MAP4K3,PPI
BIN1,SH3GLB1,PPI
YWHAH,TNFAIP3,PPI
ZA20D2,TNFAIP3,PPI
TNFAIP3,YWHAE,PPI
DYSF,ANXA1,PPI
RUNX1,KAT6A,PPI
UBE2D3,SAT1,PPI
ACTA1,EPS8,PPI
SLX4,MUS81,PPI
EEF1A1,LAMA4,PPI
SRC,EPS8,PPI
NR1C2,SPEN,PPI
EEF1A1,ITSN1,PPI
HAP1,EIF3E,PPI
CREG1,CAPN1,PPI
RAB9A,GDI1,PPI
ANXA1,FPR1,PPI
ANXA1,KRT8,PPI
ANXA1,PRKCI,PPI
SMAD2,RIT1,PPI
ACTN1,LPP,PPI
MSN,ROCK1,PPI
CASP3,ROCK1,PPI
CDC25A,ROCK1,PPI
IRS1,ROCK1,PPI
PTK2,ROCK1,PPI
EZR,ROCK1,PPI
DES,ROCK1,PPI
ADD1,ROCK1,PPI
GFAP,ROCK1,PPI
RDX,ROCK1,PPI
PPP1R12A,ROCK1,PPI
ROCK1,CRMP1,PPI
ROCK1,DPYSL2,PPI
RND3,ROCK1,PPI
ROCK1,ARHGAP24,PPI
SHC1,EPS8,PPI
EPB41,GDI1,PPI
HK1,VDAC1,PPI
MEOX2,SAMM50,PPI
TP53,HABP4,PPI
CDC42,GDI1,PPI
NRF,REL,PPI
EIF3E,NDRG1,PPI
MRPL42,EEF1A1,PPI
SRSF4,SREK1,PPI
CTBP1,PNN,PPI
CNGB1,PNN,PPI
DYNC1I2,PNN,PPI
KRT18,PNN,PPI
RNPS1,PNN,PPI
SRSF4,PNN,PPI
PRPF4B,PNN,PPI
PNISR,PNN,PPI
PNN,ZCCHC17,PPI
LPL,RPL18A,PPI
TRIM27,EIF3E,PPI
AP2A1,RIT1,PPI
PCNA,YBX1,PPI
LCK,SH2B3,PPI
OAT,UBQLN4,PPI
GDI1,UBQLN4,PPI
PCDH17,UBQLN4,PPI
YBX1,HABP4,PPI
NFYB,CEBPZ,PPI
SVIL,LPP,PPI
CREB1,RPS6KA2,PPI
SDC2,SPARC,PPI
COL1A1,SPARC,PPI
SPARC,COL13A1,PPI
THBS1,SPARC,PPI
SPARC,TGM2,PPI
SPARC,CTSK,PPI
SAT1,CRMP1,PPI
PQBP1,EEF1A1,PPI
MMP14,SPOCK1,PPI
SULT1E1,EEF1A1,PPI
SFRS3,SCAF11,PPI
DLX5,SPEN,PPI
CPSF6,WWP1,PPI
DIDO1,WWP1,PPI
POLD4,PCNA,PPI
HDAC1,SPEN,PPI
TIMP2,MMP8,PPI
MMP2,TIMP2,PPI
ITGB1,TIMP2,PPI
TIMP2,ITGA3,PPI
SAT1,C14orf1,PPI
SAT1,SETDB1,PPI
RB1,CREG1,PPI
SAT1,UNC119,PPI
SNRNP200,SMNDC1,PPI
L1CAM,RPS6KA2,PPI
DEDD,KRT8,PPI
ACTR2,WASF1,PPI
PPP4C,REL,PPI
SP1,KLF6,PPI
EHMT2,KLF6,PPI
PIAS1,DDX21,PPI
FAS,EEF1A1,PPI
PRDX1,PRDX4,PPI
RPS6KA2,MAGI1,PPI
EPS8,HOOK2,PPI
MAPK3,RPS6KA2,PPI
PPIF,VDAC1,PPI
PSTPIP1,WASF1,PPI
NUP43,NUP37,PPI
TRPC1,ITPR2,PPI
MAPK8,REL,PPI
ACTB,WASF1,PPI
PRKACA,ITPR2,PPI
PCNA,MCL1,PPI
VDAC1,MCL1,PPI
KRT18,DEDD,PPI
C1QBP,HABP4,PPI
CREG1,RBL1,PPI
SRSF7,CPSF6,PPI
KLF4,KLF6,PPI
HDAC3,KLF6,PPI
ACTG1,WASF1,PPI
LPL,VLDLR,PPI
LPL,CETP,PPI
TTF2,PRDX4,PPI
MLF1,CENPU,PPI
SAT1,DGKZ,PPI
EEF1A1,MYOC,PPI
WARS,EEF1A1,PPI
EEF1A1,SARS2,PPI
TBP,REL,PPI
REL,NFKBIB,PPI
AFDN,RIT1,PPI
RPA2,EEF1A1,PPI
SP1,REL,PPI
EEF1A1,SMAD2,PPI
EEF1A1,TSPYL2,PPI
EEF1A1,MT-RNR2,PPI
AXIN1,EEF1A1,PPI
EEF1A1,XPO5,PPI
IL8,WASF1,PPI
HAP1,SRSF4,PPI
SRSF4,FUS,PPI
SRSF4,SRPK1,PPI
TRIM5,BTBD1,PPI
DARS,EEF1A1,PPI
EIF3E,COPS6,PPI
UNC13B,STX1A,PPI
MTA2,SPEN,PPI
PRKCB,HABP4,PPI
UBE2I,HABP4,PPI
RELA,REL,PPI
RB1,SNAPC3,PPI
KRT19,PNN,PPI
KRT8,PNN,PPI
CTBP2,PNN,PPI
PNN,SRRM2,PPI
SNAPC1,SNAPC3,PPI
PPIG,PNN,PPI
GDI1,PSEN1,PPI
RAB27A,GDI1,PPI
GDI1,RHOH,PPI
ITPR2,TRPC4,PPI
CLASRP,CLK4,PPI
BRK1,WASF1,PPI
EIF3E,RUNDC3A,PPI
ZAP70,SH2B3,PPI
CFLAR,DEDD,PPI
DVL1,EPS8,PPI
NEDD4L,LAPTM5,PPI
LPL,LRP1,PPI
APOC2,LPL,PPI
BTBD2,TRIM5,PPI
CPSF6,ITCH,PPI
VDAC1,TUBA4A,PPI
SAT1,LNX1,PPI
HGH1,TRIT1,PPI
PRKCZ,HABP4,PPI
DAXX,HABP4,PPI
HABP4,PIAS3,PPI
HABP4,FRA10AC1,PPI
SRSF4,SMURF1,PPI
GEMIN2,SRSF4,PPI
SRSF4,SCAF11,PPI
LAPTM5,EPN1,PPI
ADAM9,SH3GLB1,PPI
SYNJ1,SH3GLB1,PPI
BAX,SH3GLB1,PPI
SFRS2,CCNL1,PPI
GIGYF2,RBM12,PPI
CASK,EPS8,PPI
SMNDC1,SNRPB,PPI
PISD,DHX29,PPI
SFRS2,SCAF11,PPI
HDAC2,SPEN,PPI
KIF1B,EEF1A1,PPI
SAT1,ABCB8,PPI
LAPTM5,TOM1L2,PPI
ABI1,WASF1,PPI
DEDD,CASP3,PPI
EIF4ENIF1,EIF3E,PPI
LPL,CALR,PPI
NFKB2,REL,PPI
HABP4,TOPORS,PPI
NACA,CCDC90B,PPI
TAC3,CCDC90B,PPI
CCDC90B,FXYD6,PPI
LAPTM5,UBAC1,PPI
LIMK2,ROCK1,PPI
MTA1,SH3GLB1,PPI
AMPH,SH3GLB1,PPI
ARHGAP17,SH3GLB1,PPI
EPS8,BAIAP2,PPI
DNM2,SH3GLB1,PPI
SAT1,ITGA9,PPI
CDH2,CDH11,PPI
CTNNB1,CDH11,PPI
GDI1,RAB1B,PPI
SAT1,MED31,PPI
RAP80,CEP57,PPI
MYOD1,TWIST1,PPI
EP300,TWIST1,PPI
EL52,UCHL1,PPI
UCHL1,NEDD8,PPI
UCHL1,UBA52,PPI
RBPJ,SPEN,PPI
RAB6A,GDI1,PPI
VDAC1,DYNLT1,PPI
EIF3E,EIF3L,PPI
CCNL1,CDK11A,PPI
GRB2,SH2B3,PPI
FLNA,SH2B3,PPI
KRT7,LAPTM5,PPI
CTBP2,ZFPM2,PPI
CTBP2,RAI2,PPI
NRIP1,CTBP2,PPI
NOL4,CTBP2,PPI
CTBP2,TEAD3,PPI
CTBP2,EP300,PPI
CTBP2,FHL3,PPI
FTS,CTBP2,PPI
CTBP2,BAZ2B,PPI
EIF3E,COPS7A,PPI
TPP1,NMB,PPI
PPP1R15A,HABP4,PPI
DEDD,CASP10,PPI
TP53,KLF6,PPI
RACK1,HABP4,PPI
EWSR1,CPSF6,PPI
DEDD,DEDD2,PPI
VDAC1,DYNLT3,PPI
VDAC1,BAX,PPI
SAT1,INO80C,PPI
HTATIP,SAT1,PPI
HTATIP,HABP4,PPI
THRA,BTG1,PPI
NR1A2,BTG1,PPI
SAT1,EEF1G,PPI
SMAD3,RIT1,PPI
REL,TNIP2,PPI
TP53,SAT1,PPI
RAD21,STAG2,PPI
EIF3E,COPS8,PPI
UCHL1,CDKN1B,PPI
EEF1A1,ABTB2,PPI
RIT1,SMURF1,PPI
DEDD,CASP8,PPI
SCRIB,LPP,PPI
SHPRH,LPP,PPI
SH3GLB2,SH3GLB1,PPI
ATP5J2,LPP,PPI
ATRAID,LPP,PPI
CCNE1,REL,PPI
TSC2,NEK1,PPI
TP53BP1,NEK1,PPI
CSN2,NEK1,PPI
PPP2R5A,NEK1,PPI
NEK1,EXOSC4,PPI
UNC13B,STX1B,PPI
UNC13B,RPH3AL,PPI
UNC13B,DOC2B,PPI
CREG1,RBL2,PPI
NEK1,FEZ2,PPI
NEK1,CTNNAL1,PPI
WWP2,CPSF6,PPI
WWP2,DIDO1,PPI
CPSF6,UBAC1,PPI
PRKCQ,HABP4,PPI
BTG1,PRMT1,PPI
SPI1,KAT6A,PPI
WASF1,CYFIP2,PPI
CDK5,WASF1,PPI
PFN2,EEF1A1,PPI
GOLGA3,GOLGA7,PPI
MAP3K8,REL,PPI
SAT1,RBM17,PPI
SAT1,SAT2,PPI
CDKN2C,CCDC90B,PPI
SAT1,FAM86C1,PPI
CKMT1B,VDAC1,PPI
CTBP2,MECOM,PPI
KLF8,CTBP2,PPI
ZEB1,CTBP2,PPI
mdm2,CTBP2,PPI
EEF1D,CTBP2,PPI
CTBP2,CTBP1,PPI
CTBP2,TGIF1,PPI
CBX4,CTBP2,PPI
SVIL,CTBP2,PPI
CTBP2,ELAC2,PPI
ZEB2,CTBP2,PPI
SOX6,CTBP2,PPI
CTBP2,ZFPM1,PPI
KLF3,CTBP2,PPI
CTBP2,PSMF1,PPI
RARA,SPEN,PPI
GDF9,SAT1,PPI
VEGF,ADAMTS1,PPI
CSPG2,ADAMTS1,PPI
ACAN,ADAMTS1,PPI
PRKCE,VDAC1,PPI
MED14,UACA,PPI
ATRX,NEK1,PPI
NEK1,KIF3A,PPI
NEK1,ZNF350,PPI
YWHAH,NEK1,PPI
MRE11,NEK1,PPI
NEK1,FEZ1,PPI
HSPA8,REL,PPI
NSF,EIF3E,PPI
PARP1,NCOA6,PPI
NR3A2,NCOA6,PPI
EP300,NCOA6,PPI
NCOA6,MED23,PPI
NR2B1,NCOA6,PPI
E2F1,NCOA6,PPI
NR1H2,NCOA6,PPI
ATF2,NCOA6,PPI
RXRG,NCOA6,PPI
NCOR2,NCOA6,PPI
CEBPA,NCOA6,PPI
ESR1,NCOA6,PPI
XRCC6,NCOA6,PPI
PRKDC,NCOA6,PPI
SMAD3,NCOA6,PPI
GHR,NCOA6,PPI
NR1H3,NCOA6,PPI
NR1A2,NCOA6,PPI
XRCC5,NCOA6,PPI
NCOA6,RORB,PPI
EEF1A1,PCDHA4,PPI
CCDC90B,PCDHA4,PPI
STK4,SAV1,PPI
CPSF6,ARMC7,PPI
MT-CO1,COX5A,PPI
POLR2C,EEF1A1,PPI
COX5A,COPS6,PPI
EEF1A1,XRN2,PPI
AGR2,CCDC90B,PPI
POLB,PCNA,PPI
HUWE1,LAPTM5,PPI
DEDD,GTF3C1,PPI
GTF3C1,KLF6,PPI
MAP2K1,RPS6KA2,PPI
MAPK1,RPS6KA2,PPI
RPS6KA2,SHANK1,PPI
NFKBIE,REL,PPI
HOXB9,BTG1,PPI
BTG1,CNOT7,PPI
BTG1,CNOT8,PPI
RARA,BTG1,PPI
ANXA1,SRC,PPI
NCF1,WASF1,PPI
SAT1,LRIF1,PPI
SAT1,APLP1,PPI
ZBTB7A,BCL6,PPI
ZBTB7A,SP4,PPI
LAPTM5,SMURF2,PPI
TAL1,DRG1,PPI
RWDD1,DRG1,PPI
CAPNS1,DRG1,PPI
STAG2,STAG1,PPI
UNC13B,DOC2A,PPI
UNC13B,RIMS1,PPI
UNC13B,STX2,PPI
UNC13B,TOE1,PPI
FGF2,CEP57,PPI
COL2A1,SPARC,PPI
PLG,SPARC,PPI
COL1A2,SPARC,PPI
PDGFA,SPARC,PPI
VEGF,SPARC,PPI
CD40,NSMAF,PPI
MMP2,SPOCK1,PPI
ELF1,REL,PPI
UCHL1,LAMP2,PPI
EEF1A1,TGIF1,PPI
CPSF6,GIN1,PPI
NCK1,WASF1,PPI
SFTPB,CTSH,PPI
RAF1,VDAC1,PPI
ACTB,EEF1A1,PPI
ALDOA,GPD2,PPI
ALDOA,TUBB,PPI
SNRNP70,SCAF11,PPI
SRSF1,SCAF11,PPI
ZBTB5,ST3GAL3,PPI
DNMBP,WASF1,PPI
SMAD1,ANKRD27,PPI
SAT1,CEP126,PPI
ZNF24,EEF1A1,PPI
SPARC,HSPG2,PPI
KIT,SH2B3,PPI
BGLAP,CTSH,PPI
BCL2,BNIP3,PPI
CD47,BNIP3,PPI
TMEM11,BNIP3,PPI
IFIT1,EIF3E,PPI
GADD45G,EEF1A1,PPI
GADD45G,PCNA,PPI
SOS1,EPS8,PPI
TSC22D1,CCDC90B,PPI
NCK2,CPSF6,PPI
PRKCG,HABP4,PPI
SAT1,CSNK2A1,PPI
SRSF4,SMURF2,PPI
LAG3,CEBPZ,PPI
SAT1,KCNA4,PPI
TP53,CEBPZ,PPI
REL,SIN3A,PPI
SOX9,SPEN,PPI
KAT6A,RERE,PPI
NCOR2,SPEN,PPI
RBBP4,SPEN,PPI
SAT1,EVA1A,PPI
NR3C4,MED14,PPI
PCNA,APEX1,PPI
CPSF6,UBQLN4,PPI
EEF1A1,UBQLN4,PPI
TMPRSS3,EEF1A1,PPI
EIF2S2,CCDC90B,PPI
EEF1A1,NEU1,PPI
CRSP8,RBPJ,PPI
HSPB1,RBPJ,PPI
SOD2,HLA-B,PPI
MPDZ,PLEKHA2,PPI
REL,FKBP5,PPI
SMAD4,GPNMB,PPI
HLA-B,B2M,PPI
SEPT8,SH3GL3,PPI
HSPA4L,HLA-B,PPI
HSPA4L,TIMP2,PPI
TWIST1,KAT2B,PPI
KRT15,CEP57,PPI
CAMK2B,PHKB,PPI
DST,ABI1,PPI
YWHAG,DENND4A,PPI
YWHAB,DENND4A,PPI
HSPB1,AMD1,PPI
PPP1R15A,CTBP2,PPI
TP53,TWIST1,PPI
RACK1,LYN,PPI
BRD4,TWIST1,PPI
HTATIP,TWIST1,PPI
ABI1,NCKAP1,PPI
PLCG1,ABI1,PPI
ABI1,CBLC,PPI
VAV2,ABI1,PPI
PIK3R1,ABI1,PPI
PDE4B,DISC1,PPI
SPACIA1,MARK3,PPI
PLSCR1,SLC25A6,PPI
ABI1,MRFAP1,PPI
ABI1,SYNE2,PPI
KTN1,ABI1,PPI
ABL1,ABI1,PPI
SPTA1,ABI1,PPI
MFN1,TMBIM4,PPI
SUMO2,CMTM6,PPI
EPB41,ZCCHC10,PPI
DEDD,APLP2,PPI
SRSF1,SRSF4,PPI
PRDX5,CCDC90B,PPI
PRPF6,SMARCA2,PPI
SMARCA2,KHDRBS1,PPI
SMARCA2,PCBD1,PPI
HSPB1,SMARCA2,PPI
MAP3K7,UBC,PPI
UBE2V1,TRIM5,PPI
UBE2D4,TRIM5,PPI
PLSCR1,NR0B2,PPI
ATP5J2,LPP,PPI
DKFZp762B153,ADNP,PPI
RBPJ,SPEN,PPI
DNTT,REL,PPI
NOTCH1,RBPJ,PPI
GPAA1,EIF3E,PPI
SSFA2,YWHAG,PPI
ATXN7,SSFA2,PPI
CASP10,BCLAF1,PPI
CLK2,CPSF7,PPI
RIPK1,RCN2,PPI
TNFRSF1A,RCN2,PPI
TNFRSF1B,RCN2,PPI
RCN2,TRADD,PPI
TRAF1,RCN2,PPI
MAP3K1,RCN2,PPI
BAG6,RCN2,PPI
RCN2,TRAF6,PPI
NRAS,EEF1A1,PPI
UBE2N,TRIM5,PPI
MDM2,RCN2,PPI
GABARAPL2,RCN2,PPI
MLF1,RCN2,PPI
IFRD1,RIT1,PPI
ATXN1,YY1AP1,PPI
PRKAB1,EIF3E,PPI
PRKAB1,OAT,PPI
MAPK14,YY1AP1,PPI
CHD3,HABP4,PPI
EEF1A1,PTPRCAP,PPI
STAG2,PDS5B,PPI
SEPT2,SEPT8,PPI
KDM1A,SEPT6,PPI
MARK3,TCEA2,PPI
ABI1,WASF2,PPI
EPS8,USP6NL,PPI
NFKB1,REL,PPI
FES,ABI1,PPI
VPS25,REL,PPI
VPS25,CRLF3,PPI
CDK6,ABI1,PPI
CDK6,SORBS1,PPI
RPL4,SORBS1,PPI
HABP4,PRMT1,PPI
SMNDC1,SNRPB,PPI
SMNDC1,RPL3,PPI
SMNDC1,MAPKAPK2,PPI
NCK1,MAP4K3,PPI
EGFR,ANXA1,PPI
WWP2,CPSF6,PPI
MAP4K3,ITSN2,PPI
COPS5,MAP4K3,PPI
GRB2,MAP4K3,PPI
ANXA1,OTUB1,PPI
ANXA1,RELA,PPI
ANXA1,COPS6,PPI
ANXA1,C14orf1,PPI
ANXA1,UNC119,PPI
PRKCQ,MAP4K3,PPI
MAP3K7,ZNF746,PPI
REL,BMF,PPI
ROCK1,SMAD2,PPI
SMNDC1,SF3A2,PPI
HLA-B,USP14,PPI
ROCK1,TSG101,PPI
USP14,PPP3CA,PPI
RHOA,ROCK1,PPI
MYBPH,ROCK1,PPI
LMO2,ROCK1,PPI
ROCK1,FAM124A,PPI
FLJ11017,EIF3E,PPI
MTFR1L,ARMC1,PPI
COL8A1,REL,PPI
NUDT21,CPSF6,PPI
C1QTNF9,DENND4A,PPI
NUDT21,CPSF7,PPI
DHX29,PISD,PPI
DIDO1,KCNK4,PPI
EEF1A1,MAP3K14,PPI
NEU4,PLSCR1,PPI
VDAC1,KIF5B,PPI
MECP2,SMARCA2,PPI
SH3GL1,SEPT8,PPI
REL,AAAS,PPI
PAX7,FHL1,PPI
SF3B1,SMNDC1,PPI
REL,FUT11,PPI
ATF2,SSFA2,PPI
REL,ZNF417,PPI
PLSCR1,LCE4A,PPI
DVL3,DIDO1,PPI
HNRPA1,SEPT6,PPI
STAG2,SSU72,PPI
ALOX5,REL,PPI
SMAD2,SORBS1,PPI
SNRPD2,ZCCHC10,PPI
STX16,VAMP5,PPI
MKRN3,TRIM5,PPI
FKBPL,RCN2,PPI
GOLGA8DP,EPS8,PPI
ADAM15,SORBS1,PPI
CNOT1,NR1A2,PPI
PPFIA1,MBIP,PPI
ATXN7,SORBS1,PPI
CEP57,MAGEA2B,PPI
COPS5,UCHL1,PPI
COPS5,MAP3K7,PPI
HLA-B,RAB7A,PPI
CBLB,RNF11,PPI
SAT1,PLGRKT,PPI
U2AF2,CPSF7,PPI
ABL1,FLNC,PPI
FLNC,MYBPC2,PPI
PLSCR1,HOXB6,PPI
HOXB6,SAT1,PPI
ZNF211,NDEL1,PPI
REL,SZT2,PPI
YWHAH,MARK4,PPI
PRKCI,MARK4,PPI
MARK4,PARD6G,PPI
SSFA2,WNK1,PPI
REL,MIEN1,PPI
EIF3E,ARF6,PPI
REL,UBE2Z,PPI
HLA-B,RBBP4,PPI
NOS3,EFEMP1,PPI
TK1,CCDC90B,PPI
TK1,EEF1A1,PPI
TK1,GDI1,PPI
LCK,ABI1,PPI
XRCC6,CENPU,PPI
XRCC6,ANXA1,PPI
XRCC6,CMTM6,PPI
SORBS3,CBLB,PPI
SMNDC1,PREX1,PPI
CD2BP2,PRPSAP1,PPI
SORBS3,WASF1,PPI
CCNJL,REL,PPI
CCNH,PPFIA1,PPI
STX16,NAPB,PPI
ITGB1,EPS8,PPI
ITGB3,EPS8,PPI
RALGDS,RIT1,PPI
ITGB3,LYN,PPI
ITGB1,LYN,PPI
AP2A1,RIT1,PPI
SMAD9,EIF3E,PPI
SMNDC1,ITSN1,PPI
ITGB1,ITGA6,PPI
PCNA,CSTF1,PPI
PCNA,POLD2,PPI
PCNA,CHAF1A,PPI
PPP1CC,PCNA,PPI
FTSJ1,PCNA,PPI
PCNA,TRAF6,PPI
PCNA,TSC22D1,PPI
PCNA,MCC,PPI
EPB41,PCNA,PPI
PCNA,HLA-B,PPI
CDKN2A,PCNA,PPI
PCNA,FEN1,PPI
PCNA,XPC,PPI
PGK1,PCNA,PPI
RPSA,PCNA,PPI
CA2,PCNA,PPI
MDH2,PCNA,PPI
GAPDH,PCNA,PPI
PCNA,CDKN1C,PPI
PCNA,-,PPI
ATN1,KAT6A,PPI
VDAC1,C9orf163,PPI
PLSCR1,DOCK2,PPI
SMNDC1,FDFT1,PPI
PTP4A3,PRPSAP1,PPI
PRPSAP1,TNIK,PPI
MARK3,ATP6V0C,PPI
UBALD1,MED8,PPI
B4GALT3,SAT1,PPI
PNISR,PIH1D1,PPI
CPSF6,WWOX,PPI
NDEL1,CCSER2,PPI
PRKRA,PRPSAP1,PPI
DEDD,PAM,PPI
GDI1,RAB1A,PPI
CTBP2,HIC1,PPI
KRTAP9-3,CDK12,PPI
ABL1,MED14,PPI
MED14,FYN,PPI
MED14,MED24,PPI
MED14,MED23,PPI
TUBB,REL,PPI
WDR5,KAT6A,PPI
MCRS1,UPF3B,PPI
TTC19,UPF3B,PPI
PLSCR1,ZNF638,PPI
UPF3B,THRAP3,PPI
GRB2,SPEN,PPI
PLSCR1,DEF6,PPI
GRB2,SNAPC3,PPI
GRB2,RIT1,PPI
GRB2,ABI1,PPI
GRB2,REL,PPI
DDX39A,SAT1,PPI
GRB2,PTPRA,PPI
GRB2,MAP4K5,PPI
CYFIP1,ABI1,PPI
SAT1,NMRK2,PPI
UBE2U,KAT6A,PPI
SNIP1,HIPK1,PPI
ZFYVE26,SPAG5,PPI
RPL38,HABP4,PPI
GIGYF2,RBM12,PPI
SMNDC1,KPNB1,PPI
PLSCR1,C4orf42,PPI
ZBTB16,PLSCR1,PPI
PLSCR1,SPRY2,PPI
PLSCR1,CCDC33,PPI
PLSCR1,CPSF6,PPI
PLSCR1,FAM103A1,PPI
PLSCR1,ENKD1,PPI
IHPK2,PLSCR1,PPI
PLSCR1,TFG,PPI
PLSCR1,MVP,PPI
PLSCR1,HRG,PPI
PLSCR1,TRIM42,PPI
PLSCR1,SCNM1,PPI
TUBG1,MARK4,PPI
PLSCR1,ZNF417,PPI
PLSCR1,DMRT3,PPI
P2RY6,PLSCR1,PPI
PLSCR1,FRS3,PPI
TWIST1,KMT5A,PPI
RNPS1,BCLAF1,PPI
TNFRSF14,EIF3E,PPI
DPPA2,ZCCHC10,PPI
HLA-B,DUSP3,PPI
SMNDC1,TRRAP,PPI
FMR1,HABP4,PPI
ARL6IP1,SNX11,PPI
SPOP,GDI1,PPI
UCHL1,TRAF6,PPI
EGFR,UCHL1,PPI
UCHL1,NCAM1,PPI
REL,CPSF1,PPI
OAT,EIF6,PPI
UCHL1,EIF6,PPI
EIF6,EIF3E,PPI
PRPF40A,ZCCHC10,PPI
ZCCHC10,ARGLU1,PPI
PCBP1,ZCCHC10,PPI
U2AF1,ZCCHC10,PPI
DHX8,ZCCHC10,PPI
PPIG,ZCCHC10,PPI
ZBTB14,ZCCHC10,PPI
FAM9B,ZCCHC10,PPI
RBM39,ZCCHC10,PPI
COIL,ZCCHC10,PPI
ZCCHC10,SDCBP2,PPI
BEND7,ZCCHC10,PPI
KCTD6,ZCCHC10,PPI
LNX1,ZCCHC10,PPI
SFMBT1,ZCCHC10,PPI
ZCCHC10,DACH1,PPI
HCK,MAP4K5,PPI
STK3,SAV1,PPI
RASSF4,SAV1,PPI
RASSF3,SAV1,PPI
SAV1,RASSF1,PPI
ABL1,PPP3CA,PPI
HIP2,TRIM5,PPI
PRR13,PLSCR1,PPI
PRR13,ZCCHC10,PPI
AKR1C1,COMMD8,PPI
EIF3S8,EIF3E,PPI
U2SURP,TBC1D4,PPI
TBC1D4,RBM12,PPI
EFEMP1,GFI1B,PPI
ABL1,WASF1,PPI
ANXA7,CCDC90B,PPI
CKS1B,REL,PPI
KNTC2,NDEL1,PPI
SRSF4,ZDHHC17,PPI
PTGES3,HLA-B,PPI
IFITM2,PTCD3,PPI
CDC42BPB,DDX21,PPI
MAPT,MARK4,PPI
ATF7IP,HLA-B,PPI
NCK2,REL,PPI
NCK2,CBLB,PPI
UCHL1,CBX1,PPI
DHX29,TBC1D17,PPI
SMNDC1,TSR1,PPI
ZC3H15,DRG1,PPI
GAPDH,REL,PPI
ANXA1,GAPDH,PPI
GAPDH,ERBB4,PPI
EPS8,BORCS6,PPI
HLA-B,PFN2,PPI
HLA-B,SHMT2,PPI
AFDN,RIT1,PPI
EIF2S3,HLA-B,PPI
GRB10,ABI1,PPI
SMNDC1,SF3B4,PPI
KCNAB1,SRPK1,PPI
ZBTB7A,HDAC1,PPI
COIL,DRG1,PPI
ZBTB7A,HOMEZ,PPI
SF3B4,ZCCHC10,PPI
EIF1B,RPL22,PPI
RRM1,HLA-B,PPI
MGC13138,PLSCR1,PPI
RANBP9,UCHL1,PPI
CBX5,SENP7,PPI
ZBTB5,ZBTB7B,PPI
XRCC6,SPARC,PPI
TRIM32,TRIM5,PPI
MAP3K7,HSPA1L,PPI
KIAA0141,ZDHHC17,PPI
EEF1A1,ZDHHC17,PPI
EIF3E,ZDHHC17,PPI
OGT,NUP62CL,PPI
SEPT6,PLEKHF2,PPI
REL,OTUB2,PPI
ZFYVE26,SSX2IP,PPI
PCNA,BARD1,PPI
PCNA,RELA,PPI
PCNA,CDT1,PPI
POLD1,PCNA,PPI
POLD3,PCNA,PPI
PTP4A3,PCNA,PPI
PCNA,HLA-C,PPI
PCNA,IKBKE,PPI
PCNA,ING2,PPI
PCNA,PGAM1,PPI
PCNA,PRDX6,PPI
ANXA2,PCNA,PPI
PCNA,PPIA,PPI
PCNA,EEF1A1,PPI
ENO1,PCNA,PPI
PCNA,TPI1,PPI
PCNA,UHRF2,PPI
TIRAP,PCNA,PPI
PCNA,MSH3,PPI
CDKN1A,PCNA,PPI
PIK3R1,WASF1,PPI
LYN,FASLG,PPI
HSPB1,PNISR,PPI
CPSF7,WWOX,PPI
ELOB,MED8,PPI
ALDOA,XRN1,PPI
ZHX1,SAT1,PPI
SETDB1,MAP4K5,PPI
CRK,MAP4K5,PPI
ALDOA,PCNA,PPI
CACNA1A,ALDOA,PPI
ALDOA,GALNT6,PPI
ALDOA,TFAP2A,PPI
PLSCR1,EXD3,PPI
GRB2,MED14,PPI
MED14,NCK1,PPI
MED14,MED25,PPI
MED14,MED15,PPI
MED14,MED16,PPI
PNP,CCDC90B,PPI
EPS8,PCM1,PPI
PFN2,WASF1,PPI
DEDD,SERPINI1,PPI
GRB2,FLNC,PPI
SMARCA2,ARID1B,PPI
GRB2,PPP3CA,PPI
GRB2,EPS8,PPI
GRB2,CBLB,PPI
LPL,CEP126,PPI
EEF1A1,GUSBP1,PPI
RPL38,HLA-B,PPI
ABL1,LRBA,PPI
FYN,LRBA,PPI
GADD45A,EEF1A1,PPI
ALDH7A1,EPS8,PPI
GADD45A,RBPJ,PPI
SLU7,ZCCHC10,PPI
KMT2A,KAT6A,PPI
PRPS2,PRPSAP1,PPI
EIF5A,REL,PPI
REL,TSSC4,PPI
BCL2,BNIP3,PPI
AKR1B1,HLA-B,PPI
REL,ZNF564,PPI
BNIP3L,BNIP3,PPI
BNIP3,FATE1,PPI
BNIP3,LDLRAD1,PPI
KTN1,BNIP3,PPI
SNAPC3,HSD17B14,PPI
ZNF17,NDEL1,PPI
STRN3,STK24,PPI
RNPS1,CPSF6,PPI
KIAA0408,ABI1,PPI
RABAC1,SNX11,PPI
TP53,ZCCHC10,PPI
EEF1A1,ZCCHC10,PPI
YWHAG,BCLAF1,PPI
EIF3E,EPAS1,PPI
SART1,ZCCHC10,PPI
PRPF3,ZCCHC10,PPI
SF3B2,ZCCHC10,PPI
SDCBP,ZCCHC10,PPI
NUDT14,ZCCHC10,PPI
DZIP3,ZCCHC10,PPI
ZCCHC10,ZBTB8A,PPI
PLSCR1,PLSCR3,PPI
TRIM21,TXN2,PPI
SEPT6,SEPT12,PPI
RIF1,RIT1,PPI
EEF1A1,CRCT1,PPI
KRT40,CEP57,PPI
VIM,HABP4,PPI
MLH1,FLNC,PPI
EEF1A1,BBS4,PPI
ADRA1A,FLNC,PPI
TMPRSS3,EEF1A1,PPI
UCHL1,IKBKE,PPI
IKBKE,DDX21,PPI
CD2BP2,RBM12,PPI
IKBKE,CPSF6,PPI
HLA-B,GLRX5,PPI
STK11,MARK4,PPI
CDC42,MARK4,PPI
HNRNPH1,REL,PPI
LAPTM5,HEYL,PPI
HPS6,MARK4,PPI
HLA-B,IGF2BP1,PPI
SNRPB2,HLA-B,PPI
PRNP,MARK4,PPI
FLNC,MYOT,PPI
TRA2B,SRSF4,PPI
SCRN3,EPS8,PPI
SRSF10,TRA2B,PPI
MAPT,MARK4,PPI
TMEM218,PCNA,PPI
EFHC1,REL,PPI
GLYCTK,REL,PPI
IL1F5,REL,PPI
STX16,STX4,PPI
NCOA6,CREBBP,PPI
NR1i1,NCOA6,PPI
THRA,NCOA6,PPI
RB1,NCOA6,PPI
NCOA6,SMAD2,PPI
SMAD3,NCOA6,PPI
TTR,EEF1A1,PPI
CNTN2,MAP3K7,PPI
SRSF10,SFN,PPI
EEF1A1,DUSP7,PPI
OGT,FOXO4,PPI
MARK3,SFN,PPI
KMT2D,NCOA6,PPI
NCOA6,KMT2C,PPI
REL,DYNC1LI1,PPI
EPS8,BLOC1S6,PPI
ZBTB5,DCX,PPI
EPM2AIP1,CPSF7,PPI
SSSCA1,OAT,PPI
SUN1,SYNE1,PPI
CEP57L1,SNAPC3,PPI
PLSCR1,C10orf62,PPI
CBLB,ABI1,PPI
PROP1,EFEMP1,PPI
PRPSAP1,PLEKHF2,PPI
PRPSAP1,TMBIM4,PPI
PSPH,PRPSAP1,PPI
PRPSAP1,TRAF6,PPI
ILK,PRPSAP1,PPI
MAP3K7,MAPK8IP1,PPI
TDP2,EPS8,PPI
NFKBIA,REL,PPI
ADRA1B,FLNC,PPI
EEF1A1,MAD2L1BP,PPI
VDAC1,LRRK2,PPI
CMTM6,DUSP10,PPI
TIMP2,GANAB,PPI
HLA-B,GANAB,PPI
ERBB2,SH2B3,PPI
HLA-B,MAPRE1,PPI
ERBB2,ERBB4,PPI
ERBB2,CLCN6,PPI
ATP8B1,TMEM30A,PPI
CPSF6,KLHL12,PPI
CRY1,PLSCR1,PPI
CRY1,CBLB,PPI
PLSCR1,HOXA9,PPI
ITPR2,TRPC4,PPI
CTBP2,IKZF2,PPI
HLA-A,HLA-B,PPI
HLA-B,ARL1,PPI
RGL2,CCDC90B,PPI
PTPRA,GABARAPL2,PPI
LAMC1,CENPU,PPI
HSPB1,PTPRA,PPI
HOXB9,SAT1,PPI
RIT1,RGL1,PPI
CPSF4,MARK3,PPI
IFITM2,UPF3A,PPI
LYN,TRIP10,PPI
CAPZA1,HLA-B,PPI
NEDD4,LAPTM5,PPI
PAFAH1B3,EEF1A1,PPI
PAEP,EEF1A1,PPI
EEF1A1,PSG9,PPI
TMSB4X,EEF1A1,PPI
EEF1A1,TP53BP2,PPI
EEF1A1,BRMS1,PPI
EEF1A1,CRADD,PPI
EEF1A1,LAMTOR1,PPI
CCL18,EEF1A1,PPI
RAB27A,EEF1A1,PPI
RAD23B,EEF1A1,PPI
RAD23A,EEF1A1,PPI
EEF1A1,BBS1,PPI
EEF1A1,BBS2,PPI
EPS8,INPP5J,PPI
RAP2A,EEF1A1,PPI
RRAS,EEF1A1,PPI
EEF1A1,TSPY1,PPI
EEF1A1,NELL1,PPI
GSK3B,EEF1A1,PPI
KRAS,EEF1A1,PPI
EEF1A1,MRM1,PPI
ATP8B1,TMEM30B,PPI
EEF1A1,DIABLO,PPI
OGT,TET2,PPI
PLSCR1,GPRIN2,PPI
TRIP10,WASF1,PPI
CPSF7,SNRNP25,PPI
EPHB6,SAT1,PPI
PHYH,RNF167,PPI
DKFZp762B153,TBC1D2B,PPI
MAP1LC3C,TBC1D2B,PPI
MON2,GGA3,PPI
LDB1,SSBP3,PPI
RBM39,ZCCHC10,PPI
PPM1B,MARK3,PPI
MARK3,ANKRD7,PPI
MARK3,VPS11,PPI
YWHAH,MARK3,PPI
MARK3,YWHAG,PPI
IKBKB,MARK3,PPI
MARK3,PRKCQ,PPI
MAPT,MARK3,PPI
SLC35A2,SLC35A3,PPI
TNFAIP3,TRAF6,PPI
TNFAIP3,LAPTM5,PPI
TNFAIP3,TICAM1,PPI
TNFAIP3,RNF11,PPI
UBC,TNFAIP3,PPI
SLC35A2,SLC35A3,PPI
TNFAIP3,IKBKG,PPI
TRAF2,TNFAIP3,PPI
TNFAIP3,TNIP1,PPI
TNFAIP3,ARRDC3,PPI
TNFAIP3,TNIP3,PPI
PLSCR1,SLC35A2,PPI
EEF1A1,COX17,PPI
PPP5C,MAP3K7,PPI
DYSF,FLNC,PPI
ARHGEF7,CBLB,PPI
ABI1,TLN1,PPI
MARK3,PKP2,PPI
TTR,MARK3,PPI
MARK3,PNPLA2,PPI
MARK3,YWHAB,PPI
GAS7,ABI1,PPI
DNM2,CCDC90B,PPI
CEBPZ,RPS6KA6,PPI
RBPJ,RPS6KA6,PPI
REL,NEUROG3,PPI
DNM2,SORBS1,PPI
ZBTB5,PTPN5,PPI
TNFAIP3,TAX1BP1,PPI
TNFAIP3,TNIP2,PPI
TNFAIP3,KRR1,PPI
SYNCRIP,HLA-B,PPI
SYNCRIP,HABP4,PPI
TNFAIP3,YWHAG,PPI
TNFAIP3,WNK1,PPI
HSP90AB1,TNFAIP3,PPI
TNFAIP3,TRIM23,PPI
PTPN13,PLEKHA2,PPI
PLSCR1,OGDH,PPI
NEB,ABI1,PPI
ATP6V0D2,AGO3,PPI
DYSF,EEF1A1,PPI
FEN1,MUS81,PPI
CRX,KIAA0141,PPI
REL,CABP5,PPI
PUM2,DAZ1,PPI
SAT1,TACO1,PPI
TPT1,HLA-B,PPI
CASP10,BCLAF1,PPI
TSPYL5,USP7,PPI
PPFIA1,FAM161A,PPI
-,EEF1A1,PPI
PLSCR1,HEY2,PPI
CBLB,ARHGEF7,PPI
DEDD,TCEAL5,PPI
RPS4X,CTBP2,PPI
HCLS1,QKI,PPI
SAT1,LUC7L2,PPI
ZCCHC10,LUC7L2,PPI
SSFA2,LUC7L2,PPI
STAG2,SMC3,PPI
AGO3,TNRC6C,PPI
REL,REXO1L1P,PPI
PLSCR1,YIPF3,PPI
FURIN,TGOLN2,PPI
FHL1,DBN1,PPI
ASF1B,SMC5,PPI
GRB2,TGOLN2,PPI
TGOLN2,PIK3R1,PPI
TGOLN2,PLCG1,PPI
CRK,TGOLN2,PPI
ABL1,TGOLN2,PPI
TGOLN2,NCSTN,PPI
TGOLN2,MMP14,PPI
ATG9A,TGOLN2,PPI
PHYH,FAM9B,PPI
REL,RNF213,PPI
EIF3E,DDX24,PPI
EME1,MUS81,PPI
SLX4,MUS81,PPI
CCDC130,EEF1A1,PPI
SAT1,GBP2,PPI
PLSCR1,NOC4L,PPI
SRC,PTPRA,PPI
YES1,SSBP3,PPI
IL1F5,SSBP3,PPI
SSBP3,NXT2,PPI
PLSCR1,PML,PPI
UBE2D3,TRIM5,PPI
CNOT1,TNRC6C,PPI
REL,ZNF550,PPI
EIF1B,TALDO1,PPI
REL,OAZ3,PPI
GCC1,CEP57,PPI
SAT1,DMRT3,PPI
REL,RAB41,PPI
CCDC90B,ARL15,PPI
HAP1,EIF3E,PPI
PRDX4,PDIA6,PPI
EEF1A1,PKN2,PPI
SAT1,TCF25,PPI
SMNDC1,SF3B6,PPI
PTPN3,AKR1C1,PPI
PTPN3,ZCCHC10,PPI
REL,LNPEP,PPI
EIF3E,GPBP1L1,PPI
SAT1,CCHCR1,PPI
HCK,ABI1,PPI
FOXO3,HCFC2,PPI
EPS8,BYSL,PPI
PLSCR1,LGALS9C,PPI
BID,REL,PPI
RBBP8,EEF1A1,PPI
REL,CEP19,PPI
FOS,PNN,PPI
HSPB3,MED8,PPI
CSNK2A1,PNN,PPI
HLA-B,TXNDC17,PPI
MAVS,MFN1,PPI
RBPJ,CIR1,PPI
HLA-B,RUVBL1,PPI
SMNDC1,MRM3,PPI
SMNDC1,PPAN,PPI
SMNDC1,SNRPA1,PPI
HLA-B,RPS21,PPI
PPM1B,ANXA1,PPI
ANXA1,DLG3,PPI
SH3RF1,MAP4K3,PPI
MAP4K3,SORBS1,PPI
ANXA1,C1orf123,PPI
ANXA1,CCT7,PPI
CSAD,ANXA1,PPI
ANXA1,FAF1,PPI
LCP2,MAP4K3,PPI
REL,TMEM165,PPI
ANXA1,HSPB1,PPI
MEIS2,ANXA1,PPI
HC21ORF7,REL,PPI
EEF1A1,SMAD2,PPI
COPS5,MAP4K5,PPI
IFT20,WASF1,PPI
HLA-B,PSME3,PPI
WIPF1,HCLS1,PPI
PSME3,ZCCHC10,PPI
PLSCR1,VSIR,PPI
NECAP2,PLSCR1,PPI
PLSCR1,DEPP,PPI
PLSCR1,PLSCR4,PPI
CPSF3L,PLSCR1,PPI
CRK,PLSCR1,PPI
PLSCR1,DTX2,PPI
PLSCR1,SPG7,PPI
PLSCR1,DHRS1,PPI
RERE,PLSCR1,PPI
PLSCR1,GLRX3,PPI
PLSCR1,CATSPER1,PPI
PLSCR1,ESR2,PPI
PLSCR1,ILF3,PPI
BCL6B,PLSCR1,PPI
PLSCR1,PKD2,PPI
PLSCR1,LCE2D,PPI
PLSCR1,CTSZ,PPI
PLSCR1,CHRD,PPI
PMPCB,MARK3,PPI
SHPRH,LPP,PPI
ATRAID,LPP,PPI
GCC1,CPSF7,PPI
PLSCR1,PCED1A,PPI
HLA-B,RPL24,PPI
GOT1,HLA-B,PPI
CEBPZ,LAMTOR3,PPI
REL,NME7,PPI
ALDOB,MLH3,PPI
ANP32B,MLH3,PPI
BAAT,MLH3,PPI
C9orf30,MLH3,PPI
TSTD2,MLH3,PPI
CTSL2,MLH3,PPI
CYLC2,MLH3,PPI
DVL1,MLH3,PPI
FANCC,MLH3,PPI
FBP1,MLH3,PPI
GALNT12,MLH3,PPI
HRAS,MLH3,PPI
LEF1,MLH3,PPI
NANS,MLH3,PPI
PPP2CB,MLH3,PPI
RASA1,MLH3,PPI
SEC61B,MLH3,PPI
SFRP2,MLH3,PPI
SMAD1,MLH3,PPI
TBC1D2,MLH3,PPI
TGFB1,MLH3,PPI
TMOD1,MLH3,PPI
MLH3,ZNF510,PPI
NAA10,NAA50,PPI
PLSCR1,GDPD5,PPI
REL,OSTF1,PPI
EIF4E2,REL,PPI
COX5A,KRT31,PPI
PHYH,MAGEA11,PPI
CNOT2,CNOT1,PPI
CCDC90B,NIPSNAP3A,PPI
HLA-B,SRP68,PPI
OTUD4,REL,PPI
HLA-B,B2M,PPI
APOM,KLF6,PPI
KLF6,PNO1,PPI
KLF6,CELSR2,PPI
PPFIA1,ING4,PPI
PPP4C,PPP4R2,PPI
U2SURP,DDX42,PPI
REL,NEDD9,PPI
SAT1,MRPL9,PPI
CMTM5,SH3GLB1,PPI
PLSCR1,CRKL,PPI
CENPF,NDEL1,PPI
SSFA2,YWHAE,PPI
SNAI2,SAT1,PPI
SEC14L4,REL,PPI
JUN,DDX21,PPI
ITGB7,EPS8,PPI
LAPTM5,RNF168,PPI
PFN1,WASF1,PPI
SMNDC1,DDX21,PPI
DDX21,TRAF6,PPI
REL,C1QBP,PPI
SYBL1,ANKRD27,PPI
WAS,HCLS1,PPI
GOLGA4,ANKRD27,PPI
ACOT8,REL,PPI
REL,SLC39A13,PPI
NEIL2,REL,PPI
TBXA2R,PRDX4,PPI
PDIA3,PRDX4,PPI
PRDX4,TXNDC5,PPI
FRK,ABI1,PPI
HDAC6,PRDX4,PPI
MAP4K2,PRDX4,PPI
CENPU,ROBO2,PPI
CENPU,SPTBN4,PPI
TFIP11,CENPU,PPI
REL,PLEKHN1,PPI
CNOT1,CNOT6,PPI
UBL5,CLK4,PPI
PRKCE,RPS6KA2,PPI
PRKCA,RPS6KA2,PPI
BRAF,RPS6KA2,PPI
ZNF91,NDEL1,PPI
SEC24A,TRIP13,PPI
ZNF10,NDEL1,PPI
VASP,PLSCR1,PPI
EEF1A1,PASK,PPI
U2SURP,RBM10,PPI
HSP90AB1,RPS6KA2,PPI
REL,PLCB4,PPI
CBLB,SH3KBP1,PPI
RELA,REL,PPI
REL,LSM2,PPI
INPPL1,SORBS1,PPI
FHL1,CLMN,PPI
VHL,UCHL1,PPI
EPB41,FHL1,PPI
MCC,FHL1,PPI
PRKAB1,FHL1,PPI
PRNP,FHL1,PPI
FHL1,DOCK9,PPI
FHL1,PDE4DIP,PPI
EED,FHL1,PPI
ZNF16,FHL1,PPI
FHL1,LAMA4,PPI
IGFBP5,FHL1,PPI
AKAP12,FHL1,PPI
FHL1,TTN,PPI
PPP3CA,C16orf74,PPI
SASH1,SKIL,PPI
STRN3,TRAF3IP3,PPI
UBE2H,TRIM5,PPI
TEX28P1,EPS8,PPI
REL,PIH1D2,PPI
UBE2U,TRIM5,PPI
PRKAA1,ABI1,PPI
JTV1,ICE1,PPI
ZNF544,NDEL1,PPI
SKIL,HIPK1,PPI
UPF3B,UPF2,PPI
PRRC2A,EIF3E,PPI
FAS,EEF1A1,PPI
LOC51064,TMCO1,PPI
GMNN,IMPDH1,PPI
NIF3L1,SAT1,PPI
PRPF40A,CDK12,PPI
SAT1,DGKZ,PPI
ASAP2,CBLB,PPI
TRAF2,MAP3K7,PPI
REL,PTGER3,PPI
SKIL,DRG1,PPI
HLA-B,HNRNPM,PPI
CAMK2D,HNMT,PPI
CASP2,EEF1A1,PPI
TTC19,REL,PPI
PSMA1,REL,PPI
-,REL,PPI
NUDT14,REL,PPI
FLNA,REL,PPI
HLA-DOA,REL,PPI
REL,NR2C2AP,PPI
REL,C1orf109,PPI
FLJ10292,REL,PPI
REL,EXOSC8,PPI
PLOD2,RUVBL2,PPI
HLA-B,RUVBL2,PPI
MLLT3,EEF1A1,PPI
FLNC,TRIM63,PPI
EIF3E,TRIM63,PPI
CNOT1,BTG2,PPI
STAC3,ZCCHC10,PPI
TRDMT1,TBC1D2B,PPI
PEX14,MED8,PPI
TNFAIP8,FLNC,PPI
KDM1A,CRLF3,PPI
ZBTB5,CCDC85B,PPI
EPS8,CCDC85B,PPI
FLNC,SGCD,PPI
LAPTM5,DISP1,PPI
SEPT6,SEPT1,PPI
UCHL1,UBB,PPI
DLEU1,CCDC90B,PPI
DLEU1,EEF1A1,PPI
VPS37C,PLSCR1,PPI
YES1,ABI1,PPI
MLLT10,NDEL1,PPI
MMP2,TIMP2,PPI
TIMP2,RANBP1,PPI
TIMP2,PCMT1,PPI
SNCG,TIMP2,PPI
TIMP2,RPL29,PPI
RAB3A,TIMP2,PPI
TIMP2,MMP14,PPI
ABI1,SRP68,PPI
TNRC6B,AGO3,PPI
REL,BARHL2,PPI
SMNDC1,SF3B2,PPI
POLE2,EEF1A1,PPI
CNOT1,CNOT6L,PPI
ZFC3H1,NINL,PPI
SMNDC1,NINL,PPI
HLA-B,RPL37A,PPI
MAPK14,EEF1A1,PPI
EPS15,LAPTM5,PPI
UCHL1,UBE2I,PPI
CNTF,EIF3E,PPI
EGFR,EPS8,PPI
REL,AGPAT4,PPI
SIRT1,HCFC2,PPI
CXCL14,REL,PPI
AKT1,MLH3,PPI
AOPEP,MLH3,PPI
CDC14B,MLH3,PPI
CDK8,MLH3,PPI
FBP2,MLH3,PPI
HEMGN,MLH3,PPI
HSD17B3,MLH3,PPI
IGFBP3,MLH3,PPI
CCDC180,MLH3,PPI
MAP2K1,MLH3,PPI
PPP3R2,MLH3,PPI
STX17,MLH3,PPI
TDRD7,MLH3,PPI
TMEFF1,MLH3,PPI
XPA,MLH3,PPI
PLSCR1,KRTAP4-2,PPI
KAT7,SAT1,PPI
ITGB5,EPS8,PPI
A2M,SEPT8,PPI
POLA2,KLF6,PPI
EHMT2,KLF6,PPI
REL,ZDHHC24,PPI
SNCA,EEF1A1,PPI
RELA,KLF6,PPI
REL,PRDM10,PPI
EIF1B,MAPRE1,PPI
FTSJ1,GDI1,PPI
ACTG1,REL,PPI
DEDD,KHK,PPI
SUN1,SYNE2,PPI
FHL1,IKBKE,PPI
CNOT1,TOB1,PPI
TXNIP,FHL1,PPI
LPL,SORT1,PPI
NRIP1,FHL1,PPI
FHL1,HES1,PPI
INPPL1,ABI1,PPI
PPP2CB,FHL1,PPI
BTBD2,CCDC90B,PPI
LPL,UBE2Z,PPI
LPL,LUC7L2,PPI
LPL,COPS6,PPI
EEF1A1,BTBD2,PPI
FHL1,MACF1,PPI
ENO1,FHL1,PPI
NFIL3,FHL1,PPI
FHL1,SRPK1,PPI
LPL,GPIHBP1,PPI
CNOT1,TNRC6A,PPI
PLSCR1,KRTAP9-2,PPI
ZNF16,EEF1A1,PPI
MAP3K7,RNF19A,PPI
LPL,CCND1,PPI
PTN,SAT1,PPI
BHLHE40,NAA50,PPI
UBE2D1,TRIM5,PPI
UBE2D1,ANXA1,PPI
ARIH2,EEF1A1,PPI
CEP57,CEP63,PPI
HNRNPK,DIDO1,PPI
SAT1,LNX1,PPI
P4HB,PRDX4,PPI
PRDX4,DUSP23,PPI
CENPU,GIT1,PPI
NDUFS2,CENPU,PPI
PGRMC1,CENPU,PPI
PLXNB2,CENPU,PPI
CENPU,TUBB2B,PPI
PTN,RIT1,PPI
NR4A1,PRDX4,PPI
LBP,PRDX4,PPI
NUP62,CENPU,PPI
ARIH2,REL,PPI
LAPTM5,DCUN1D1,PPI
SART1,SRSF4,PPI
REL,TSTD2,PPI
RELA,REL,PPI
PAPOLA,REL,PPI
HSPA9,REL,PPI
CALM1,REL,PPI
NOTCH1,REL,PPI
PLSCR1,CNTFR,PPI
DEDD,RANBP3,PPI
HIP1,REL,PPI
REL,LGALS14,PPI
POLR2L,REL,PPI
SAT1,REL,PPI
REL,EXOSC5,PPI
REL,EGLN3,PPI
PARVG,REL,PPI
REL,TNS2,PPI
C3orf60,REL,PPI
SEC24A,TFG,PPI
REL,TMEM8A,PPI
SAT1,TP53TG1,PPI
PEBP1,HLA-B,PPI
CDKN1A,EEF1A1,PPI
CDKN2B,CCDC90B,PPI
SMNDC1,GNL3,PPI
NPM1,HABP4,PPI
NPM1,EIF3E,PPI
U2SURP,PRPF40A,PPI
U2SURP,RBM17,PPI
LAPTM5,WWP1,PPI
HNRNPC,PHKB,PPI
SMNDC1,SF3A3,PPI
MNAT1,EEF1A1,PPI
PSMD11,EEF1A1,PPI
PPFIA1,CEP70,PPI
ZFC3H1,CCDC85B,PPI
HTT,SORBS1,PPI
MNAT1,TRIM5,PPI
FTSJ1,DRG1,PPI
REL,-,PPI
HNRNPC,EPS8,PPI
RPL32,HLA-B,PPI
RXRB,PPP3CA,PPI
CBFA2T3,SEC24A,PPI
REL,COL20A1,PPI
EML2,REL,PPI
CASK,RPH3A,PPI
SAT1,RBM48,PPI
PRPF40A,ASXL2,PPI
HABP4,FRA10AC1,PPI
DDIT3,MCMBP,PPI
PHYHIP,MED8,PPI
EEF1A1,PHYHIP,PPI
DNALI1,EPS8,PPI
MLH1,TXN2,PPI
MCMBP,SMC3,PPI
GINS4,MCMBP,PPI
MCMBP,GINS2,PPI
MCM3,MCMBP,PPI
RAB3A,RPH3A,PPI
SSNA1,TXN2,PPI
ZBTB14,TXN2,PPI
DCTD,TXN2,PPI
PSME3,TXN2,PPI
MAPRE2,TXN2,PPI
TRIP6,TXN2,PPI
RBM45,TXN2,PPI
SCYL3,TXN2,PPI
FAM9B,TXN2,PPI
VPS52,TXN2,PPI
ZNF572,NDEL1,PPI
CCDC114,TXN2,PPI
RPIA,TXN2,PPI
MCMBP,PRTFDC1,PPI
TXN2,MAPRE3,PPI
PRPF40A,ZCCHC8,PPI
HCLS1,SH2D4A,PPI
RBM8,UPF3B,PPI
VASP,NSMAF,PPI
TNFRSF1A,NSMAF,PPI
TNFRSF1A,MON2,PPI
UCHL1,TNIK,PPI
VASP,SAT1,PPI
TRDMT1,EEF1A1,PPI
CBX3,ADNP,PPI
CEP57,MEGF10,PPI
ALMS1,MEGF10,PPI
CLK4,RNF181,PPI
ITK,ABI1,PPI
GNL1,GDI1,PPI
HNRNPK,ABI1,PPI
ACTL6B,SMARCA2,PPI
SAT1,COPS6,PPI
LSM3,EEF1A1,PPI
EEF1A1,RSRC1,PPI
TCEB1,MED8,PPI
MAGED2,EEF1A1,PPI
EEF1A1,ITSN1,PPI
EEF1A1,LAMA4,PPI
LAMTOR5,EEF1A1,PPI
SMAD4,EEF1A1,PPI
EEF1A1,ANKRD24,PPI
EIF3F,EEF1A1,PPI
EEF1A1,STMN2,PPI
RPLP1,EEF1A1,PPI
EEF1A1,PLAUR,PPI
AXIN1,EEF1A1,PPI
CKS2,EEF1A1,PPI
PTPN4,EEF1A1,PPI
ERBB3,SH2B3,PPI
TRIM34,TRIM5,PPI
MAD2L2,REL,PPI
EPHB6,REL,PPI
ATXN1L,RBPJ,PPI
ZBTB16,EEF1A1,PPI
LAPTM5,EPN3,PPI
TMBIM4,TMCO1,PPI
SAT1,SEPHS1,PPI
HAP1,SRSF4,PPI
SRSF10,YWHAG,PPI
YWHAG,SRSF4,PPI
FXR1,HABP4,PPI
TIA1,HABP4,PPI
SRSF10,SRPK1,PPI
REL,TXNL4B,PPI
HLA-B,MRPL40,PPI
ITGA6,PDIA3,PPI
PDIA3,EFEMP1,PPI
MCM3,HLA-B,PPI
CEP70,ZCCHC10,PPI
NUDC,HCFC2,PPI
ATXN1,CPSF7,PPI
ATXN1,KAT6A,PPI
ATXN1,SPEN,PPI
ATXN1,RBPJ,PPI
ZCCHC10,THAP1,PPI
HLA-B,ACTR1A,PPI
MCC,TMX1,PPI
CNOT1,TNRC6B,PPI
HLA-B,ARF6,PPI
PPIB,HLA-B,PPI
HLA-B,TMED2,PPI
HLA-B,MTPN,PPI
HLA-B,DYNLRB1,PPI
RANGAP1,HLA-B,PPI
HLA-B,EIF3I,PPI
PLS3,HLA-B,PPI
ECHS1,HLA-B,PPI
PSMA7,HLA-B,PPI
SNX3,HLA-B,PPI
MIF,HLA-B,PPI
TARS,HLA-B,PPI
HLA-B,ACAT2,PPI
RAB5C,HLA-B,PPI
SSSCA1,HLA-B,PPI
TKT,HLA-B,PPI
PSMA1,HLA-B,PPI
HLA-B,YA61,PPI
HLA-B,VPS35,PPI
ACAT1,HLA-B,PPI
HLA-B,PSMD6,PPI
CSDE1,HLA-B,PPI
HLA-B,PSMD13,PPI
HLA-B,PSMA6,PPI
HLA-B,NUDC,PPI
HLA-B,RARS,PPI
SAT1,RELA,PPI
ATG12,EIF3E,PPI
MAP2K1,HLA-B,PPI
CRLF3,LGALS14,PPI
HLA-B,RANBP1,PPI
VARS,HLA-B,PPI
UBE2D3,HLA-B,PPI
HLA-B,SLC1A5,PPI
SDCBP,REL,PPI
PIN1,ZCCHC10,PPI
DDT,HLA-B,PPI
HLA-B,PSMC1,PPI
LMNB1,HLA-B,PPI
HLA-B,SBDS,PPI
RPN1,HLA-B,PPI
HLA-B,PSMD4,PPI
PDCD5,HLA-B,PPI
HLA-B,DIABLO,PPI
EZR,HLA-B,PPI
CBLB,ABI1,PPI
HLA-B,ALDH9A1,PPI
SEC11L1,HLA-B,PPI
HLA-B,SUPT16H,PPI
ADSS,HLA-B,PPI
VAMP8,PNN,PPI
PIN1,CCDC90B,PPI
CFLAR,CBLB,PPI
HLA-B,MARS,PPI
HADHA,HLA-B,PPI
CD81,HLA-B,PPI
HLA-B,HINT1,PPI
YWHAG,PNN,PPI
HLA-B,RAB1B,PPI
PLCG1,FLNC,PPI
HLA-B,TIMM13,PPI
PABPC1,HLA-B,PPI
HLA-B,DDOST,PPI
GLRX3,CBLB,PPI
REL,KLHL32,PPI
HLA-B,MCTS1,PPI
PAICS,HLA-B,PPI
HLA-B,PCBP1,PPI
HLA-B,LRRC40,PPI
LRPPRC,HLA-B,PPI
PNP,HLA-B,PPI
NAP1L1,HLA-B,PPI
RHOA,HLA-B,PPI
HLA-B,GFPT1,PPI
SNRPA1,HLA-B,PPI
HLA-B,LRRC59,PPI
HLA-B,RPS26,PPI
HLA-B,SMC3,PPI
CTTNBP2NL,STRN3,PPI
HLA-B,VCP,PPI
EIF3D,HLA-B,PPI
AHSA1,HLA-B,PPI
HLA-B,WDR48,PPI
UBE2I,PNN,PPI
KRT31,CEP57,PPI
HLA-B,FKBP3,PPI
EIF3H,HLA-B,PPI
HLA-B,FSCN1,PPI
RPS9,HLA-B,PPI
HLA-B,DAD1,PPI
HLA-B,PSMD1,PPI
SMAP,HLA-B,PPI
MAPK1,HLA-B,PPI
STMN1,HLA-B,PPI
HBA2,HLA-B,PPI
HLA-B,TAGLN2,PPI
TBCA,HLA-B,PPI
EIF3F,HLA-B,PPI
PSMB4,HLA-B,PPI
EEF1B2,HLA-B,PPI
PIG59,HLA-B,PPI
DLAT,HLA-B,PPI
NUP155,HLA-B,PPI
EEF1A1,SPHK1,PPI
HLA-B,GARS,PPI
HLA-B,NPEPPS,PPI
HLA-B,CPSF6,PPI
CRK,HLA-B,PPI
ESD,HLA-B,PPI
HLA-B,ACTR2,PPI
HLA-B,COPG1,PPI
HLA-B,FUS,PPI
HLA-B,MYL6,PPI
CHUK,MAP3K7,PPI
SMNDC1,RRP1B,PPI
SRPK1,CLK4,PPI
GDI1,LNX1,PPI
TIMP2,PSME3,PPI
AFP,HLA-B,PPI
MLF2,RCN2,PPI
SAT1,ABCB8,PPI
HSPE1,EEF1A1,PPI
DAXX,HIPK1,PPI
PRPF40A,HIPK1,PPI
ORMDL3,EEF1A1,PPI
FLNC,MYOZ1,PPI
PDS5A,STAG2,PPI
SAP18,SEPT6,PPI
SAP18,EIF3E,PPI
PIN1,SSBP3,PPI
EIF3E,RUNDC3A,PPI
UBE2I,HIPK1,PPI
RPLP1,SAT1,PPI
HLA-B,KCTD12,PPI
HIPK1,ATP13A2,PPI
YWHAQ,MARK3,PPI
SFRS2,HABP4,PPI
BDNF,AGO3,PPI
SFRS2,SRSF4,PPI
HLA-B,SET,PPI
SERPINB9,EEF1A1,PPI
SSR1,EEF1A1,PPI
PLSCR1,KRTAP4-11,PPI
REL,NXT2,PPI
JTV1,EPS8,PPI
REL,R3HDM2,PPI
REL,EIF3A,PPI
RWDD1,DRG1,PPI
PRMT2,NCOA6,PPI
SASH1,HTT,PPI
TNF,SPOCK1,PPI
CHGB,MARK3,PPI
PRMT2,CPSF7,PPI
DDX21,LYAR,PPI
REL,MORF4L1,PPI
ZBTB10,MORF4L1,PPI
BRCA1,ZCCHC8,PPI
IPO8,AGO3,PPI
REL,PATE1,PPI
ANXA1,RPA1,PPI
KRT13,CEP57,PPI
EIF1B,AASDHPPT,PPI
MON2,GGA1,PPI
ZFC3H1,MYB,PPI
HLA-B,GDI1,PPI
CRK,SPEN,PPI
CRK,FLNC,PPI
CRK,ABI1,PPI
ASXL2,TRAF6,PPI
SMNDC1,ASXL2,PPI
UBA52,LAPTM5,PPI
EPS8,MRPL20,PPI
TXN2,RABAC1,PPI
FRA10AC1,ZCCHC10,PPI
MCM4,MCMBP,PPI
MCM5,MCMBP,PPI
MCMBP,MCM8,PPI
CDC7,MCMBP,PPI
MCM2,MCMBP,PPI
MCM6,MCMBP,PPI
EPS8,DKFZp762B153,PPI
MCM7,MCMBP,PPI
MAGEA11,TXN2,PPI
AP2B1,TXN2,PPI
MTUS2,TXN2,PPI
KRT40,TXN2,PPI
AGTRAP,TXN2,PPI
REL,ZNF572,PPI
TIFA,TXN2,PPI
REEP6,TXN2,PPI
MRFAP1L1,TXN2,PPI
RUNX1T1,EPS8,PPI
SMARCE1,EPS8,PPI
TXN2,RABGEF1,PPI
TXN2,STUB1,PPI
PLSCR1,ATG12,PPI
SAT1,TLE1,PPI
HLA-B,PSMB3,PPI
CYB5B,HLA-B,PPI
HLA-B,ATP6V1A,PPI
HLA-B,PGD,PPI
OAT,HLA-B,PPI
CACYBP,HLA-B,PPI
TPP2,HLA-B,PPI
HLA-B,CLPP,PPI
WBP4,CPSF7,PPI
WBP4,CPSF6,PPI
PHYH,ABCD3,PPI
CYP2E1,ECHS1,PPI
LAPTM5,ANKRD13,PPI
EPS8,MYO15A,PPI
HLA-B,SERBP1,PPI
GOT2,HLA-B,PPI
MSN,HLA-B,PPI
HLA-B,RPL29,PPI
HLA-B,SFXN1,PPI
HLA-B,SDHA,PPI
HLA-B,RPS14,PPI
PTP4A3,OAT,PPI
POLE2,REL,PPI
HLA-B,DRG1,PPI
REL,RECK,PPI
REL,CLIC4,PPI
ITGB4,ITGA6,PPI
TFCP2,ZCCHC10,PPI
HLA-B,COPS3,PPI
HLA-B,UBA2,PPI
ANXA2,HLA-B,PPI
LYN,ITGA4,PPI
HLA-B,PFKP,PPI
PA2G4,HLA-B,PPI
RAB2,HLA-B,PPI
HLA-B,GRPEL1,PPI
REL,CIB3,PPI
HLA-B,NUDT5,PPI
HLA-B,NACAP1,PPI
HSPC152,HLA-B,PPI
MTHFD1,HLA-B,PPI
HLA-B,SND1,PPI
HLA-B,SEC63,PPI
EPN1,LAPTM5,PPI
C8orf30A,TRIT1,PPI
LPL,APOA5,PPI
TRIT1,SMYD3,PPI
PAPSS1,EEF1A1,PPI
HLA-B,DDX21,PPI
CS,HLA-B,PPI
SRSF10,YWHAB,PPI
PSMB1,HLA-B,PPI
HLA-B,TUFM,PPI
ENO2,HABP4,PPI
HPRT1,HLA-B,PPI
COIL,HABP4,PPI
CIRBP,HABP4,PPI
SRPK2,SRSF10,PPI
ASCC2,LPL,PPI
PTPN4,LPL,PPI
PFAS,HLA-B,PPI
RBPJ,SNW1,PPI
ATF7IP,CDH11,PPI
SRSF4,SRSF6,PPI
SRSF4,SF3A2,PPI
CDK1,NDEL1,PPI
ADAM15,SH3GLB1,PPI
UVRAG,SH3GLB1,PPI
DEAF1,FHL1,PPI
HCLS1,CASP3,PPI
TTN,SH3GLB1,PPI
GSTP1,SH3GLB1,PPI
F8A2,SH3GLB1,PPI
SEC31L1,REL,PPI
FUNDC1,SH3GLB1,PPI
ZNF576,SH3GLB1,PPI
TPD52L2,SH3GLB1,PPI
ATXN1,REL,PPI
SRC,PALLD,PPI
PCDH17,MYB,PPI
GABARAP,NSMAF,PPI
GABARAP,TBC1D2B,PPI
RASSF5,SAV1,PPI
ATXN7,EFEMP1,PPI
HIPK1,RASSF5,PPI
PDLIM3,PALLD,PPI
BCL2,BCLAF1,PPI
STK16,DRG1,PPI
CLDN1,DRG1,PPI
STK16,REL,PPI
REL,RASSF5,PPI
SGTA,EFEMP1,PPI
HTATSF1,SRSF4,PPI
BAG6,EFEMP1,PPI
EFEMP1,RIC8A,PPI
SRSF10,SRSF4,PPI
RNPS1,SRSF4,PPI
SIAH1,ZCCHC10,PPI
HLA-B,TTLL12,PPI
HLA-B,TSN,PPI
CSTB,HLA-B,PPI
HLA-B,SEC23A,PPI
MT-CO2,HLA-B,PPI
CALM1,HLA-B,PPI
CLIC1,HLA-B,PPI
HLA-B,VMA21,PPI
KPNA3,HLA-B,PPI
BTF3,HLA-B,PPI
RCC2,HLA-B,PPI
TAC3,CCDC90B,PPI
SORBS1,PILRA,PPI
ARAF,DIDO1,PPI
CBLB,LRRK1,PPI
CBLB,UBASH3B,PPI
CBLB,GORASP2,PPI
FANCF,MARK3,PPI
PLSCR1,FBXL18,PPI
DEDD,ATP6V1E1,PPI
OGT,HCFC1,PPI
OGT,TET3,PPI
TRAK1,OGT,PPI
TET2,OGT,PPI
HLA-B,SLC25A1,PPI
ATP5L,HLA-B,PPI
NDUFS1,HLA-B,PPI
PCMT1,HLA-B,PPI
LTA4H,HLA-B,PPI
SLC6A12,REL,PPI
SGTA,HLA-B,PPI
HLA-B,RBBP7,PPI
HLA-B,MCM7,PPI
HLA-B,TBCE,PPI
TFIP11,CEP57,PPI
TFIP11,CCNL1,PPI
REL,CHAF1A,PPI
TFRC,HLA-B,PPI
TPM3,HLA-B,PPI
HLA-B,SSR1,PPI
BANF1,HLA-B,PPI
DYNLL1,EEF1A1,PPI
HLA-B,DYNLL1,PPI
SYK,HCLS1,PPI
HLA-B,DNAJA1,PPI
RAB6A,HLA-B,PPI
HLA-B,GMPS,PPI
RAB14,HLA-B,PPI
HLA-B,DCTPP1,PPI
EEF1A1,NREP,PPI
ATG9A,REL,PPI
HLA-B,TRIP11,PPI
NPM1,HLA-B,PPI
TARDBP,HLA-B,PPI
ENO1,FLNC,PPI
ARPC2,HLA-B,PPI
HLA-B,RDX,PPI
HLA-B,PREP,PPI
ENO1,SNAPC3,PPI
SRP72,HLA-B,PPI
CTNNBIP1,REL,PPI
SAT1,FAM69B,PPI
LAPTM5,HEY1,PPI
SAT1,UTP14A,PPI
SERPINB9,CCDC90B,PPI
PHYH,TOM1L1,PPI
SMC2L1,HLA-B,PPI
HLA-B,AASDHPPT,PPI
HLA-B,PPP2CB,PPI
HLA-B,RAB21,PPI
PGRMC1,HLA-B,PPI
HLA-B,VDAC3,PPI
HLA-B,VAPA,PPI
HLA-B,MCM6,PPI
HLA-B,AIMP1,PPI
PFKL,HLA-B,PPI
MEOX2,STX16,PPI
HLA-B,SEPT2,PPI
ERP70,HLA-B,PPI
HLA-B,UBE2K,PPI
AIFM1,HLA-B,PPI
HLA-B,DHX9,PPI
HLA-B,FHL1,PPI
HLA-B,RPL3,PPI
OAT,SLC35F6,PPI
DVL2,CPSF7,PPI
HLA-B,LAGE3,PPI
CHCHD3,SAMM50,PPI
UQCRC2,HLA-B,PPI
NUTF2,HLA-B,PPI
GSPT1,HLA-B,PPI
RTCA,HLA-B,PPI
MYBPC1,FHL1,PPI
ZCCHC10,CEP63,PPI
PUM2,MED23,PPI
DHX29,CENPT,PPI
SAT1,HSPE1,PPI
HLA-B,HSPE1,PPI
RPA3,HLA-B,PPI
HLA-B,PDCD6IP,PPI
HLA-B,PSMD2,PPI
AKR7A2,HLA-B,PPI
CYCS,HLA-B,PPI
HLA-B,SAR1A,PPI
HLA-B,RPL23A,PPI
HLA-B,BCAP31,PPI
HLA-B,SEC13,PPI
TNRC6A,AGO3,PPI
SAT1,FUNDC2,PPI
HLA-B,PSMC6,PPI
HLA-B,TRAP1,PPI
APEH,HLA-B,PPI
CBR1,HLA-B,PPI
PSMD11,CCDC90B,PPI
EEF1A1,EXOSC4,PPI
RNF10,EEF1A1,PPI
RNF10,CCDC90B,PPI
UBASH3A,REL,PPI
REL,CGGBP1,PPI
YWHAQ,DENND4A,PPI
EIF1B,RPS11,PPI
SRSF10,YWHAQ,PPI
KIF1B,EEF1A1,PPI
SAT1,SARAF,PPI
MAP3K7IP1,MAP3K7,PPI
REL,KRTAP9-4,PPI
HLA-B,EXOSC4,PPI
ZBTB5,SWAP70,PPI
SASH1,MED28,PPI
SRSF4,PRPF38A,PPI
PRPF38A,ZCCHC10,PPI
RUNX1T1,CPSF7,PPI
AES,CPSF7,PPI
HLA-B,SRP14,PPI
EWSR1,YY1AP1,PPI
DVL2,CTBP2,PPI
RBPJ,NCOR2,PPI
GSK3B,RBPJ,PPI
ARAF,EFEMP1,PPI
SORBS2,PALLD,PPI
RERE,EFEMP1,PPI
PALLD,NCKIPSD,PPI
CACNA1A,EFEMP1,PPI
STK16,PLSCR1,PPI
MAPK3,AKR1C1,PPI
BID,REL,PPI
SEC24A,TMED2,PPI
REL,SEPT7,PPI
PLSCR1,KRTAP5-6,PPI
OGT,CD40,PPI
OGT,FIBP,PPI
CDK2,OGT,PPI
OGT,RELA,PPI
OGT,NFATC1,PPI
NUP62,OGT,PPI
OGT,PHC3,PPI
SOD2,SMARCA2,PPI
TFIP11,SH3GLB1,PPI
PLSCR1,ADAMTSL4,PPI
RLF,RIT1,PPI
NFKB2,REL,PPI
CDKN2A,HLA-B,PPI
MCC,STRN3,PPI
NFKB2,EPS8,PPI
CYP2E1,CLU,PPI
REL,COMMD1,PPI
SAT1,FTSJ3,PPI
DEDD,LTV1,PPI
EEF1A1,KCNE3,PPI
EEF1A1,TFAP2C,PPI
EFEMP1,TFAP2C,PPI
PPP2R5D,PPFIA1,PPI
PLSCR1,RGS3,PPI
FXYD6,CCDC90B,PPI
ARID4A,DEDD,PPI
CNOT1,CNOT4,PPI
EIF3E,MAGED1,PPI
RASA1,ABI1,PPI
FGR,ABI1,PPI
ABI1,PIK3R3,PPI
CACNA1A,ABI1,PPI
SOCS7,SEPT6,PPI
SEPT6,SEPT5,PPI
LAPTM5,TOM1L2,PPI
CLTC,REL,PPI
DEDD,RSRC2,PPI
C12orf52,RBPJ,PPI
PLSCR1,KIAA1683,PPI
EPS8,BAIAP2,PPI
SEC23B,CPSF7,PPI
FLNC,REPS1,PPI
NACA,CCDC90B,PPI
PAFAH1B3,CCDC90B,PPI
SAT1,CCDC90B,PPI
KDM1A,CCDC90B,PPI
LAMTOR1,CCDC90B,PPI
SAT1,DNPEP,PPI
SMARCA2,SMARCD3,PPI
CEBPB,SMARCA2,PPI
ETS1,SMARCA2,PPI
DDEFL1,REL,PPI
SEPT6,SEPT3,PPI
CNOT1,NR2B1,PPI
SAT1,TSC22D4,PPI
FLNC,XIRP1,PPI
CRK,CDH11,PPI
ZNF593,MAP3K7,PPI
ANXA1,KLHL23,PPI
REL,C11orf68,PPI
LAPTM5,USP13,PPI
CASK,EPS8,PPI
TP53,HIPK1,PPI
PIG59,HIPK1,PPI
LAPTM5,LDLRAD1,PPI
DIDO1,TNKS2,PPI
FHL3,HIPK1,PPI
REL,NAGK,PPI
LASP1,PLSCR1,PPI
LASP1,PPP3CA,PPI
DDR2,CBLB,PPI
REL,MEMO1,PPI
LYN,DOCK8,PPI
REL,AES,PPI
DDX48,UPF3B,PPI
SEPT6,SEPT9,PPI
EEF1A1,SDHAF2,PPI
CCDC90B,SDHAF2,PPI
GDI1,FBXO11,PPI
CTAGE5,CEP57,PPI
SRSF1,DIDO1,PPI
HLA-A,HLA-B,PPI
ITGB2,EPS8,PPI
SRSF10,SRSF1,PPI
NECAP1,REL,PPI
RABGGTB,SH3GLB1,PPI
FN1,SH3GLB1,PPI
TAX1BP1,SH3GLB1,PPI
PSMA1,SH3GLB1,PPI
PLSCR1,SPATA8,PPI
